10000,0.006695332696816589,-0.1043033385058038,-33.83885927550341
10046.15790278395,-0.000589155525226705,-0.1048330507940289,-33.99284362602765
10092.52886076684,-0.0009110768067408547,-0.1058709295861074,-34.15078022939909
10139.11385736679,0.006175695956469146,-0.1065516224158968,-34.30437663694014
10185.91388054117,0.01014692608371733,-0.1078373829532364,-34.46237261744606
10232.92992280754,0.01057529274738212,-0.1081649191209656,-34.62199188880255
10280.16298126474,0.01043136934622373,-0.1095789627104391,-34.77590011457025
10327.61405761398,0.01035404977481332,-0.1096813273136443,-34.93787324869822
10375.28415818013,0.01125172914764834,-0.1113643421911265,-35.10132443234716
10423.17429393304,0.01125219996793325,-0.111591804219527,-35.26107423740924
10471.285480509,0.01113285057738481,-0.1130275865755196,-35.42146566471827
10519.61873823223,0.007867494999339987,-0.1137010322706814,-35.58487133671343
10568.17509213659,0.001940166379346667,-0.1148557617383715,-35.74919280948154
10616.95557198725,-0.00114277628651962,-0.1159269510842722,-35.91146603274257
10665.96121230258,0.006847047032789686,-0.1167064608896821,-36.07535206266868
10715.19305237607,0.01079190122477793,-0.117736849888235,-36.24057619868951
10764.65213629835,0.01209627046172309,-0.1189140651350274,-36.40920274097755
10814.33951297938,0.01209890410652912,-0.1197165342014768,-36.57172912814525
10864.25623617066,0.01229776361237853,-0.1208867767013577,-36.73623799281342
10914.40336448757,0.01234274847690693,-0.1216043432003831,-36.91277656853889
10964.78196143185,0.01311266054708031,-0.1228821909642017,-37.07629595880087
11015.39309541415,0.01307355254769736,-0.1236188532425736,-37.24489443167946
11066.23783977666,0.01168168851927171,-0.1247308923101241,-37.41797146823217
11117.31727281591,0.008286792610014106,-0.1255902838121385,-37.59151258863741
11168.63247780561,0.001490061080224642,-0.1267683492062907,-37.76138498486131
11220.18454301964,0.003041531056159433,-0.1276005880756998,-37.93720701301361
11271.97456175511,0.009776682301874734,-0.1289000520949603,-38.10699954747447
11324.00363235557,0.01306178866047225,-0.1299140886138426,-38.28108415738435
11376.27285823431,0.01396741094418695,-0.1309167282114043,-38.46168832471913
11428.78334789772,0.0135020370856265,-0.1315082913723581,-38.63104329466448
11481.53621496883,0.01382259976806547,-0.1330859011059075,-38.8111589945911
11534.53257821092,0.01395347196555318,-0.134316942434331,-38.99060672376785
11587.77356155126,0.01398083559328928,-0.1348778198918383,-39.16961820379817
11641.26029410492,0.01481839387829945,-0.1366491133253362,-39.34818456098025
11694.99391019871,0.01406376762707222,-0.1376449679485814,-39.52429815929549
11748.9755493953,0.01170677335992685,-0.1384202489511714,-39.70843650900984
11803.2063565173,0.006337002167327667,-0.1397800493111931,-39.88808553548445
11857.6874816716,0.0008789978722743444,-0.1408846531374997,-40.06934579279633
11912.42008027375,0.008866464191226437,-0.1421211034340323,-40.25698239432816
11967.40531307244,0.01373295455779343,-0.1430908286865061,-40.43589147555973
12022.64434617413,0.01583544461181452,-0.1445561398236684,-40.62656417732796
12078.1383510678,0.01605323488261213,-0.145355367074855,-40.81062481415968
12133.88850464977,0.01557392470561906,-0.1467365104512616,-40.99917875855627
12189.89598924867,0.01489663423573371,-0.1483207614449496,-41.18238858626228
12246.16199265049,0.01541673143013863,-0.1489561500295447,-41.37194508574144
12302.68770812382,0.01633819732485179,-0.1502880400018655,-41.56265793326247
12359.47433444511,0.01702011053543874,-0.152359078814695,-41.74938790559897
12416.52307592411,0.01608552831355204,-0.1532820682720646,-41.94272040429382
12473.83514242943,0.01462701242200274,-0.1536977109241367,-42.13559154907153
12531.41174941416,0.009689600446769963,-0.1558654973993741,-42.3276677128892
12589.25411794167,0.0009541608956116117,-0.1569561002137048,-42.52098746353025
12647.36347471152,0.01024340076394364,-0.1576716247977898,-42.71579823455686
12705.74105208542,0.01607956295285541,-0.1599637204353705,-42.91184188108087
12764.38808811344,0.01763905329626391,-0.1613682735419718,-43.10597922296461
12823.30582656022,0.01832775031214147,-0.1618634163512441,-43.30577587407386
12882.49551693134,0.01810702468566331,-0.1635086492664975,-43.50224768457628
12941.95841449986,0.01803562977826231,-0.164899030907687,-43.70041256659288
13001.69578033291,0.01769342855752772,-0.1656690275316358,-43.89918112989756
13061.70888131842,0.01764721003565892,-0.1667654587982176,-44.0976996953936
13121.99899019203,0.01902281862534463,-0.1681872043871371,-44.29881574961564
13182.56738556407,0.01896836845571132,-0.1700705156363837,-44.5057015134818
13243.41535194664,0.01862075743586594,-0.1711037494995729,-44.70876360451234
13304.54417978091,0.01731334655668717,-0.1731344712842347,-44.91077237721664
13365.95516546442,0.01237631549941656,-0.1735186075042931,-45.11349729122486
13427.64961137864,0.003280047932633958,-0.1747852585347655,-45.32572672890122
13489.62882591653,0.01295134369551217,-0.1770119940213037,-45.5302479266594
13551.89412351036,0.01794185635254385,-0.1778130405624747,-45.73595923029154
13614.4468246595,0.01988681524452583,-0.1787168114504837,-45.9443649186282
13677.28825595849,0.02010898244143243,-0.1807531249140967,-46.15736935181796
13740.41975012515,0.02022278596645379,-0.1815161012297282,-46.36737055699072
13803.84264602885,0.02028746855561658,-0.1836146323966314,-46.5816070047121
13867.55828871888,0.02031810981290291,-0.1847385785875904,-46.79641045435835
13931.56802945303,0.02100612302890788,-0.1865751237536535,-47.00382307012808
13995.87322572618,0.0209671665145941,-0.1877962038358509,-47.22645923185715
14060.47524129914,0.02117778324212007,-0.1895248471385934,-47.43889930042816
14125.37544622754,0.02135453385105147,-0.1910171955796756,-47.65300154662403
14190.57521689092,0.021639402685264,-0.1921738130101938,-47.87460053173814
14256.07593602188,0.01889904794268948,-0.1937415640497323,-48.08992295973553
14321.87899273543,0.0155906837243609,-0.1961362365832159,-48.30955690754833
14387.98578255845,0.006312184003528067,-0.1965625870330709,-48.5313247865479
14454.39770745927,0.01585744118627181,-0.1985137563411627,-48.75404427498646
14521.11617587742,0.02053890382079214,-0.1996543185183058,-48.97848639212172
14588.14260275348,0.0232368094173999,-0.2019043981057373,-49.20239745275677
14655.47840955911,0.02275916464400527,-0.20283624046611,-49.42466353306287
14723.12502432719,0.02259691447211812,-0.204494704170634,-49.65105456619456
14791.08388168207,0.02286738003013728,-0.2062698082947489,-49.879160138543
14859.35642287007,0.02329296971313951,-0.2073019967064435,-50.10608648191345
14927.94409578996,0.0233701041585763,-0.2093655766040157,-50.33478801047237
14996.84835502373,0.02360483850661967,-0.2111127186362226,-50.56606995414312
15066.07066186742,0.02345035448233304,-0.2131829291364359,-50.79415925967429
15135.61248436208,0.02362309013820496,-0.213986647691055,-51.02534979210157
15205.47529732495,0.02470655260178465,-0.2158561018231185,-51.25902427440047
15275.66058238072,0.02453026764868863,-0.2172899709364619,-51.4954150083277
15346.16982799294,0.02309468626548899,-0.219234322177792,-51.7268210064059
15417.00452949559,0.01825602942472066,-0.2203749706390775,-51.96368415410838
15488.16618912481,0.009988895468385772,-0.2225218767447184,-52.20149096855968
15559.65631605074,0.01814872239758655,-0.2242652757147012,-52.43676837040778
15631.47642640954,0.02288753770047739,-0.2260615633580655,-52.67796824715026
15703.62804333552,0.02578236725074913,-0.2277799223304054,-52.91595608250259
15776.11269699348,0.02610626329887226,-0.2295806643552536,-53.16009664114932
15848.93192461113,0.02643025526307216,-0.2314035445502867,-53.40384777305324
15922.0872705117,0.02611172123361765,-0.2330084978915342,-53.64476828427711
15995.58028614669,0.02717409701135029,-0.235590012976632,-53.88963113415605
16069.41253012877,0.02761326396288251,-0.2372624277249788,-54.13972632823874
16143.58556826486,0.02827944535953395,-0.2385192497431194,-54.38719327751752
16218.1009735893,0.02750183787323751,-0.2396226276011961,-54.62879242794627
16292.96032639722,0.0279350253313046,-0.2423582737876846,-54.88341893135724
16368.16521427809,0.02833918020478167,-0.2439632170825828,-55.13335245548619
16443.71723214931,0.02882742395892727,-0.245873624113138,-55.38343151094787
16519.61798229015,0.02930225057986045,-0.2467046213292629,-55.63721564163919
16595.86907437561,0.02771512064289418,-0.2488090684003349,-55.88524757019999
16672.47212551063,0.02471732837022058,-0.2509775653768561,-56.14655587271382
16749.42876026437,0.01850003707356799,-0.2532018070783908,-56.39946889114277
16826.74061070467,0.01962279734909929,-0.2545153153028171,-56.65755611793914
16904.40931643264,0.02620546305277878,-0.2563082126341735,-56.91787179380209
16982.43652461744,0.03039276212281324,-0.2591959272362975,-57.17719714711137
17060.82389003124,0.03009525762468034,-0.2595908128629926,-57.4370779504018
17139.57307508425,0.03145469873181406,-0.2623609610514746,-57.69694558090555
17218.68574986007,0.03117517840942054,-0.2643119693207689,-57.96083475762676
17298.16359215101,0.03014712859076698,-0.2660431452082279,-58.23168384478153
17378.00828749375,0.03070249971673795,-0.2680259945204343,-58.49377812300371
17458.22152920504,0.03230082803141821,-0.2702830078839351,-58.75995433573566
17538.80501841761,0.03284325121525014,-0.2721028774291169,-59.02777042351615
17619.76046411629,0.03108845354538223,-0.2735522870622052,-59.29550559987075
17701.08958317421,0.02756394078359362,-0.2754731595175327,-59.56884552182906
17782.79410038923,0.03278706505860009,-0.277981366691141,-59.83979884533406
17864.87574852051,0.03323459619900709,-0.2804696244479247,-60.1147374925651
17947.33626832527,0.03416430886106695,-0.2811987654443563,-60.38020259740892
18030.17740859569,0.03295115786333021,-0.2832212938713719,-60.6632946243956
18113.40092619602,0.03326279320626702,-0.2859023031376628,-60.93596828427638
18197.00858609984,0.02987461962454328,-0.2887338290324402,-61.21009549975602
18281.00216142743,0.02300666098785823,-0.2903771831855418,-61.49405549122131
18365.38343348346,0.02605381777406881,-0.2928294480517751,-61.773513617486
18450.15419179474,0.03239914931684051,-0.2942387971608832,-62.05853405825748
18535.31623414811,0.03491028505949725,-0.2957992344216998,-62.33707380807226
18620.87136662867,0.03534131931855129,-0.2984599586786072,-62.61867786731571
18706.82140365801,0.03664857836639462,-0.3010480883245384,-62.90012804888273
18793.16816803268,0.03645337939124407,-0.3026940731255663,-63.19454691724304
18879.91349096294,0.03714310551526789,-0.3061126618355066,-63.48184996033551
18967.05921211146,0.0368775615205273,-0.3074342009093385,-63.77262423557977
19054.60717963247,0.03795714837831963,-0.3093121724850778,-64.06017039136566
19142.55925021086,0.03828263889879983,-0.3119953028005946,-64.3564109255458
19230.91728910159,0.03631222336006121,-0.3134749117391727,-64.64405543952861
19319.68317016924,0.03320798934965194,-0.3158532263269127,-64.94099218693962
19408.85877592778,0.02454494025106928,-0.3173442051030448,-65.23590819992516
19498.44599758046,0.0311506710801018,-0.3198338433820055,-65.53448707622562
19588.4467350599,0.03912500229549271,-0.3231219504518266,-65.83755685572292
19678.86289706845,0.03962715408156611,-0.3242562354903408,-66.1368405252468
19769.69640111861,0.04031796668670916,-0.3266256996046042,-66.43144052635898
19860.94917357372,0.04062279841768496,-0.3290077220672574,-66.73323101387433
19952.6231496888,0.03814613002290855,-0.3311823584805509,-67.04361696142928
20044.72027365162,0.03471723467687014,-0.3339482876538238,-67.34480863387182
20137.24249862388,0.02539091652370409,-0.3360463956198046,-67.65380207499436
20230.19178678272,0.03458107713263539,-0.3380909573384943,-67.95504800683216
20323.57010936222,0.03973573507193087,-0.3403032971777863,-68.27089160915675
20417.37944669529,0.04309077328622531,-0.3430334118870677,-68.58232053522357
20511.62178825566,0.04397135314392623,-0.3455638447860895,-68.89763261058475
20606.29913270001,0.04453459788728319,-0.3478129846495304,-69.20913941757055
20701.41348791042,0.04400019716693084,-0.3504677439259099,-69.52625740727839
20796.96687103696,0.04390257687109651,-0.3521610699580467,-69.84464537036038
20892.96130854039,0.04400120095866142,-0.3541975302373163,-70.16191102076048
20989.39883623524,0.04520432351046822,-0.3568517047725666,-70.48805365248725
21086.2814993329,0.04460009442440489,-0.3588834501042498,-70.80288880469651
21183.61135248502,0.04383883427925735,-0.3614675907115897,-71.12303749307358
21281.39045982712,0.03908997681034392,-0.3635989675479672,-71.44432774690081
21379.62089502233,0.03305716646659641,-0.3667621263359771,-71.77512478521803
21478.30474130534,0.04067895179275679,-0.3678998076388268,-72.0998000521721
21577.44409152667,0.0456867308881681,-0.3704139351991244,-72.42938262797067
21677.04104819695,0.04804090457428786,-0.3734587097055554,-72.76331840585077
21777.09772353159,0.04847383073054343,-0.3760299663077924,-73.09295186567886
21877.61623949553,0.04881878155241583,-0.37850416739614,-73.42782400183245
21978.59872784825,0.04935167241892492,-0.380508169232094,-73.76487505466582
22080.04733018899,0.04983785722714067,-0.3831602128508024,-74.09635607633015
22181.96419800219,0.04742787425132671,-0.3849216002474175,-74.43245206032941
22284.35149270303,0.04333398677497818,-0.3879353232332915,-74.7792655669522
22387.2113856834,0.03609837995842635,-0.3902811329576468,-75.11355797425246
22490.54605835781,0.04503551816610094,-0.3935129222515208,-75.45826630873525
22594.35770220978,0.05024924918907654,-0.3960306526870996,-75.80208173626977
22698.64851883821,0.05227217759931502,-0.3985127552848249,-76.14908132307541
22803.42072000419,0.05278411141734916,-0.4003335657384877,-76.49104912612394
22908.67652767772,0.05266127600311427,-0.4032852059369589,-76.84571327388822
23014.41817408509,0.05387384230841647,-0.4062421413907708,-77.19472103078533
23120.64790175594,0.05341945552209675,-0.4069645791307545,-77.54633314391712
23227.36796357108,0.05476873848896198,-0.4107521411442366,-77.90335813277686
23334.58062281002,0.05509292179120198,-0.4122927556227582,-78.26222263511244
23442.28815319923,0.05545083838837257,-0.415150555174286,-78.61132268414383
23550.49283896009,0.05285747153775205,-0.4180075531090422,-78.97068237324753
23659.19697485759,0.04795946553771614,-0.4205554128352662,-79.32905385788025
23768.40286624876,0.04450507050856174,-0.4234214184727759,-79.69614151738614
23878.11282913178,0.05259915466330695,-0.424960679334748,-80.06064384975571
23988.3291901949,0.05706122058626763,-0.4282336740028691,-80.42459678803323
24099.05428686596,0.05987389251624546,-0.4307196324306414,-80.78676986824551
24210.29046736178,0.0589070955818595,-0.4323557674783327,-81.15842272227856
24322.04009073816,0.05951364263272366,-0.4357541824165773,-81.53239613040137
24434.30552693972,0.06010445805565055,-0.4388449784397032,-81.90454980011852
24547.08915685031,0.06049518786642269,-0.4411349635487316,-82.28266183148523
24660.39337234339,0.0612838270385478,-0.4424173777031557,-82.65545147618005
24774.22057633286,0.06185506191552213,-0.4460764727520111,-83.0302529617708
24888.5731828239,0.06073069999036397,-0.4478256811654781,-83.40870213955782
25003.45361696432,0.05793272138437,-0.4509411440472345,-83.79260012206689
25118.86431509579,0.05269496960010715,-0.4529464660409052,-84.17748720057298
25234.80772480576,0.05188850186138431,-0.4560112898968509,-84.55369129382262
25351.28630497907,0.06125192417615223,-0.4602277290827786,-84.94389734305622
25468.30252585042,0.06469656579951932,-0.4608875679278008,-85.3360930934553
25585.85886905645,0.06560920700295524,-0.4643303568979589,-85.72691912138228
25703.95782768863,0.06584184590720767,-0.4655185142608856,-86.11798837307902
25822.60190634596,0.06701995611049857,-0.4694595212822569,-86.51160621111374
25941.79362118814,0.06805907921083426,-0.4723851341086461,-86.9064936470767
26061.53549998895,0.06758333981727546,-0.4736792285323523,-87.3124185084331
26181.83008218985,0.06863983222959816,-0.4766187032873903,-87.70650566819775
26302.67991895381,0.06892895655512321,-0.4785743393229008,-88.11354301683781
26424.08757321946,0.06868750052792991,-0.4812443611467993,-88.51371885860334
26546.05561975539,0.06543902130077939,-0.4841266396296101,-88.91930108343669
26668.58664521479,0.05800881482189298,-0.4861710654222912,-89.33150113340075
26791.68324819031,0.06302988689188967,-0.4888158614653746,-89.73849145982788
26915.34803926915,0.07024333881228381,-0.4924659321489082,-90.14537602034183
27039.58364108843,0.07399747183157968,-0.494648190118222,-90.56410870879517
27164.39268839082,0.07365030028646775,-0.4960951287994744,-90.98043332462692
27289.77782808041,0.07369304282804305,-0.499565108713236,-91.39067854758243
27415.74171927882,0.07412802611889721,-0.5026366391668278,-91.81751074115624
27542.28703338166,0.07524974826662456,-0.5046816443542345,-92.24174220491203
27669.41645411511,0.07612914182426599,-0.5070047811749711,-92.66012906469469
27797.13267759288,0.07657374702357762,-0.5084859756319955,-93.08873795497234
27925.43841237338,0.07731328445656294,-0.5127701500383817,-93.51385358232201
28054.33637951713,0.0783819347965809,-0.5150718535718477,-93.94478689388228
28183.82931264454,0.07922055930383316,-0.5174110758705381,-94.37937154925822
28313.91995799379,0.07948661878801155,-0.51965089764585,-94.81700766253502
28444.61107447915,0.07961290445729322,-0.522245275666705,-95.24585009063019
28575.90543374947,0.07788949122869515,-0.5256137013708526,-95.68848921677306
28707.8058202469,0.07114571108886276,-0.5271547731615353,-96.122653080226
28840.31503126606,0.07230174690661338,-0.5304702187292233,-96.5656854938121
28973.43587701323,0.07835942395226815,-0.5325106662145043,-97.01088856871084
29107.17118066605,0.08484253250172427,-0.5356693922967699,-97.46006599674149
29241.52377843335,0.08611950779060287,-0.5378619299114895,-97.90789875935499
29376.49651961531,0.08556654224077655,-0.5402357251072598,-98.36200558374117
29512.09226666385,0.08741153796403456,-0.5436830070523525,-98.81423940908479
29648.31389524342,0.08625154696275728,-0.5443036813473822,-99.26711508736419
29785.1642942919,0.08930665846247343,-0.5473727625356843,-99.72741570725066
29922.64636608189,0.0896608458249295,-0.5500918186265493,-100.1846308488699
30060.76302628231,0.08967596022784366,-0.5523911592886972,-100.654232799749
30199.51720402016,0.08979440517208685,-0.5538234480436631,-101.123774936011
30338.9118419427,0.08658363606374835,-0.5574413309884916,-101.5824934929017
30478.94989627983,0.08046274359099465,-0.5598723949844319,-102.0626013559785
30619.63433690677,0.08430690724949838,-0.5627552260701606,-102.5293559809117
30760.96814740708,0.09114745653161714,-0.5648574992927343,-103.0055027088643
30902.9543251359,0.09490028545440231,-0.566727544171493,-103.4824452905197
31045.59588128356,0.09631565624341451,-0.5686996269979644,-103.95798841571
31188.89584093937,0.09751486066586976,-0.5717782820158441,-104.4427220307805
31332.85724315586,0.09765951065512152,-0.5744288153782916,-104.9338226304884
31477.48314101316,0.09821279318627674,-0.5757697152971988,-105.4175839465772
31622.77660168379,0.1010274231264803,-0.5794161222433509,-105.9093210413735
31768.74070649771,0.1013847146030985,-0.5810201883382669,-106.4000999726716
31915.37855100762,0.1014299630128316,-0.5830219309670629,-106.8942461673895
32062.69324505466,0.09845145571490034,-0.5854683599263488,-107.3850415062023
32210.68791283435,0.09191572468958541,-0.5884454324042254,-107.8991659618537
32359.36569296283,0.09662768971621895,-0.5903520524993826,-108.3877643232318
32508.72973854344,0.1029404019018495,-0.5919596755100289,-108.9031603005352
32658.78321723358,0.1074274914487978,-0.5952821754519195,-109.4136642855239
32809.5293113119,0.1085677213285512,-0.5974986896049198,-109.9220135337778
32960.97121774578,0.1094302666904671,-0.5992701231048857,-110.4257317184863
33113.11214825911,0.1099204614259581,-0.6013417621865005,-110.9508644865561
33265.95532940045,0.1101805187723451,-0.6041923773015699,-111.4710482492603
33419.50400261143,0.1052277642465046,-0.6057508888072373,-111.9880872090656
33573.76142429547,0.09827233129845081,-0.6078837120422672,-112.5125115914747
33728.73086588689,0.1078220133840092,-0.610426639490222,-113.0416410955663
33884.41561392025,0.1141174358738034,-0.6123117443402639,-113.5719253202537
34040.81897010009,0.1169456730014028,-0.6146254808128779,-114.1016322187469
34197.94425137089,0.1185458842412875,-0.6162411604729552,-114.6463707800018
34355.79478998746,0.1187842007682276,-0.6181289753835142,-115.1783800271951
34514.37393358563,0.1207910055867216,-0.6201444615400008,-115.7153006930864
34673.68504525317,0.1216430878915322,-0.6222325598025373,-116.264008084829
34833.73150360118,0.1225180876793193,-0.6239804130990589,-116.8160094184519
34994.51670283573,0.124313083466963,-0.6266861959759209,-117.359662419289
35156.04405282981,0.1247346306685011,-0.6282655495337813,-117.9157760906127
35318.3169791957,0.1234844537142133,-0.6299334805791614,-118.4779726219436
35481.33892335755,0.1191121616598609,-0.63246352849081,-119.0250243023831
35645.11334262443,0.1154856398619793,-0.6342695152860723,-119.5980335956724
35809.6437102636,0.1253043553544878,-0.6365810382585103,-120.1641289999176
35974.93351557424,0.1304088035226228,-0.6383665735873995,-120.7277743893953
36140.98626396133,0.1329247840515868,-0.6401884549687752,-121.3073273040859
36307.80547701014,0.1338239198500746,-0.6425199441623041,-121.8779728694951
36475.39469256078,0.1352447377379133,-0.6433470784460987,-122.4691058147004
36643.75746478333,0.1363441373859829,-0.6460534525799213,-123.0418457113291
36812.89736425313,0.1388389402327126,-0.6470973891452935,-123.6323072609637
36982.81797802663,0.1390011542004286,-0.6482028124809996,-124.2153037372436
37153.52290971724,0.1411101065049464,-0.650388450731028,-124.8090785577718
37325.01577957207,0.1404760086536672,-0.6534434049813578,-125.4078770066529
37497.30022454834,0.1356717352516576,-0.6549384168499983,-126.0036429819248
37670.37989839089,0.1312566785070127,-0.6559460273516964,-126.6001919874796
37844.25847170932,0.1419271482296215,-0.6584712555733753,-127.2062790524119
38018.93963205612,0.146625463625306,-0.6595090172096487,-127.8070252259325
38194.42708400464,0.1505708299041282,-0.6612596083180976,-128.4231504365088
38370.72454922788,0.1515390448285903,-0.662778834219365,-129.0448469051888
38547.83576657716,0.1532127561699942,-0.6662092909673893,-129.6662811311444
38725.76449216172,0.1531166762126069,-0.6664329087337766,-130.2929403852491
38904.51449942805,0.1566516621834405,-0.6681109072991566,-130.9182659375067
39084.08957924022,0.1583041666505874,-0.670357555340454,-131.5427910095433
39264.49353995997,0.1592888862417,-0.6720500358091065,-132.1805696691418
39445.73020752785,0.1618016026072418,-0.6747554002142599,-132.8186411622704
39627.80342554393,0.1624562955084475,-0.6758030961080642,-133.4559691613395
39810.71705534973,0.1629666567390762,-0.6751990305641014,-134.1044852899934
39994.47497610973,0.1625930283101659,-0.678357206691602,-134.7601165240441
40179.081084894,0.1584992382409305,-0.6807614819743677,-135.4198262307108
40364.53929676049,0.159002875832244,-0.6815272658642119,-136.0753102624954
40550.85354483839,0.1689915392070918,-0.6831736886650754,-136.7313137067041
40738.02778041126,0.1735799162927429,-0.6857092979410937,-137.3999517923355
40926.0659730011,0.1756873600271448,-0.6850803877141995,-138.0740122977473
41114.97211045221,0.1784515250758896,-0.6878594638107877,-138.7453232328866
41304.75019901615,0.1800489215733425,-0.6905693791039214,-139.4148394254594
41495.40426343628,0.1798301525136496,-0.6908613541918042,-140.1015412077116
41686.93834703355,0.1841339694570181,-0.6929237618857721,-140.7966494441359
41879.35651179183,0.18753383319264,-0.6947431391614696,-141.4810040724014
42072.66283844442,0.1877127448770245,-0.6955732024582016,-142.182441857892
42266.86142656028,0.1890709754530305,-0.6973680503205852,-142.874434299849
42461.9563946313,0.1867422934450471,-0.6984534130101909,-143.5884676231277
42657.95188015926,0.1817016988762672,-0.700368608377578,-144.2866704833136
42854.85203974396,0.1872356134401246,-0.7014034373849671,-144.9896284926118
43052.66104917105,0.1938459143819197,-0.703166620466953,-145.7112833897164
43251.38310350088,0.2007656004412429,-0.7059437658958387,-146.4288375916919
43451.02241715714,0.2036686698973188,-0.7073911820527841,-147.1592595155568
43651.58322401661,0.2059202035033722,-0.7092564393762629,-147.8898232085649
43853.06977749856,0.20776207545852,-0.7109679788323005,-148.6174619646658
44055.48635065534,0.210406711051265,-0.7124601216792957,-149.3645417319996
44258.83723626265,0.2127926253367962,-0.7144286010951194,-150.1006565963572
44463.12674691089,0.2152311307092799,-0.7168628458759059,-150.8491578247244
44668.3592150963,0.2179002968017154,-0.7186713215744993,-151.6092314776525
44874.53899331323,0.2163974247814507,-0.719468629691163,-152.3706093444781
45081.67045414601,0.2106025331984892,-0.7217948681266512,-153.131363100618
45289.75799036209,0.2156772153293317,-0.7233338610388207,-153.8985214549505
45498.80601500485,0.2250172633687541,-0.7266779289614764,-154.6596006573612
45708.81896148752,0.2297401247542858,-0.7258856861374112,-155.4408218678743
45919.80128368686,0.2344268599867077,-0.7295463546027964,-156.2243698766219
46131.75745603795,0.2357212957185404,-0.7324312769998358,-157.0196283349973
46344.6919736288,0.2392157255423195,-0.7331535598560995,-157.8149906740584
46558.60935229591,0.2406844152706142,-0.7368634082775167,-158.6013178233459
46773.51412871981,0.2458972592810815,-0.7378144667495559,-159.408290500163
46989.41086052156,0.2472108296957364,-0.7388406795012942,-160.2114651242152
47206.30412635905,0.2489494679917587,-0.7408069232377767,-161.0252438185045
47424.19852602448,0.2461826123498158,-0.7434943428693122,-161.8390931089699
47643.09868054156,0.2434391477453018,-0.7461960046281607,-162.6622591717598
47863.00923226385,0.2558720010073935,-0.7486298233508487,-163.4978711301916
48083.93484497285,0.2629249822553783,-0.7496741397660536,-164.3274938805545
48305.88020397729,0.2671027853074744,-0.7535534159520438,-165.1722935889791
48528.8500162121,0.2701621228887892,-0.7559344675329389,-166.0047695801272
48752.84901033863,0.2726890944473117,-0.7575825756090482,-166.8642908684573
48977.88193684462,0.2767308092983743,-0.7607180718489094,-167.7133733625613
49203.95356814509,0.2790770156504827,-0.7625707036304947,-168.5809112180737
49431.06869868354,0.2835748039543466,-0.7665252250413056,-169.4418470781622
49659.2321450336,0.2872669102315616,-0.7689382677035526,-170.3206802442077
49888.44874600122,0.2896048750101958,-0.7706636351587338,-171.2008169265823
50118.72336272722,0.2882542764834157,-0.7734268497765604,-172.1046478281755
50350.06087879047,0.280941090007249,-0.7768575741652572,-172.973863408872
50582.4662003114,0.2953096031073023,-0.7786141739664354,-173.8780083833779
50815.94425605605,0.3043628841368713,-0.7826480478933855,-174.7731395093386
51050.49999754062,0.3091413695709261,-0.7850787703064701,-175.6805891546616
51286.13839913649,0.3149780804700032,-0.7877930750834685,-176.5923265828252
51522.86445817565,0.3176482812828202,-0.7900247204225347,-177.522912332373
51760.68319505676,0.3238489673656801,-0.7929645370480848,-178.4585739959892
51999.59965335159,0.3256122650836751,-0.796850120253046,-179.3902404989971
52239.61889991197,0.3292106959259434,-0.7989668197254944,179.6717674605758
52480.74602497726,0.3359023611659254,-0.8017771777805489,178.7259785139226
52722.98614228227,0.3393839687704437,-0.8056646485711838,177.7804803163148
52966.34438916578,0.3413013231185046,-0.8077016543178122,176.8209277879661
53210.82592667943,0.3389666606761996,-0.8108238465602755,175.8476246951076
53456.43593969716,0.3405122758539164,-0.8146189918123476,174.871803827959
53703.17963702527,0.3541418045060537,-0.8167020244956485,173.8892728822115
53951.06225151276,0.3618705459146355,-0.8199275647099173,172.9049192905617
54200.08904016238,0.3679472994577941,-0.8229993371406659,171.905122223982
54450.26528424212,0.3722897595869964,-0.8261767567384843,170.8949441783838
54701.59628939716,0.3775250379861428,-0.829357523757423,169.8980012676495
54954.08738576245,0.3808589499424774,-0.8313376578780446,168.887468759681
55207.74392807573,0.387787757101673,-0.8352477730419962,167.8643554840233
55462.57129579107,0.39438477730974,-0.8386093646816239,166.8462083213982
55718.57489319298,0.3995040981836143,-0.8422126152871358,165.8028528359567
55975.76014951101,0.4034596530933094,-0.8461388194617689,164.7614515842967
56234.13251903491,0.4044155291146678,-0.8492319833965484,163.7115760204105
56493.69748123025,0.4021188957086753,-0.8504829287875826,162.6556675403402
56754.46054085471,0.4159677237620519,-0.8549811936885399,161.5945982376849
57016.42722807475,0.4285265322812867,-0.8571699590894324,160.4970753164699
57279.60309858293,0.4352440667261743,-0.8601146225527079,159.4165216712959
57543.9937337157,0.4404128346083724,-0.8605382429187298,158.3214310851297
57809.60474057181,0.4470472069321135,-0.8642123410730356,157.226760960435
58076.44175213121,0.4542528392996959,-0.8680916757437007,156.1105854815184
58344.51042737448,0.4596709846234832,-0.8693348915746124,154.9855558647377
58613.81645140288,0.4675978302410823,-0.8723713430601022,153.86085313901
58884.3655355589,0.4715201187098944,-0.87295687968015,152.7279324278064
59156.1634175474,0.4747705159070946,-0.8760225625591955,151.5776236987098
59429.21586155727,0.4751886124267123,-0.8792213019705482,150.4231694855678
59703.52865838369,0.4847950373330235,-0.8809371933204968,149.2552981810583
59979.10762555094,0.4986183399234738,-0.8809164232507329,148.064550061372
60255.95860743578,0.5074499101057314,-0.8841765628401932,146.8945004495214
60534.08747539136,0.5150204502032323,-0.8852740476136323,145.6952728445823
60813.5001278718,0.521736599063352,-0.8862693046359951,144.4730112269363
61094.2024905572,0.5301924876777493,-0.8868509861838157,143.2658070215568
61376.20051647942,0.5372395532672302,-0.8900792889314256,142.0222193357787
61659.50018614822,0.5451311787902724,-0.8883589218886043,140.7758802015673
61944.10750767815,0.5523022870350212,-0.887770333985044,139.5131582911377
62230.02851691595,0.5551026197203632,-0.8880097918077927,138.2318070825063
62517.26927756858,0.5520153996147869,-0.8886878930373076,136.956491513269
62805.8358813318,0.568466014059799,-0.8866398629538663,135.6429852738325
63095.73444801933,0.5826097605771482,-0.8872351875788893,134.349229868352
63386.9711256927,0.5913874658499449,-0.8865283657582322,133.0328568751593
63679.55209079159,0.5978887431899492,-0.8828743903176086,131.6787804976393
63973.48354826482,0.6068675998239225,-0.8852686429416756,130.3318758699419
64268.77173170198,0.6129754548552755,-0.8810017064847224,128.94407903505
64565.42290346557,0.6225599199959266,-0.8817990557944193,127.5485203544534
64863.44335482384,0.6291228089723937,-0.8763202159511567,126.1415303598435
65162.83940608428,0.6360021017216154,-0.8748366054431135,124.7321819406457
65463.61740672747,0.6434673198890839,-0.8698133705984337,123.2692105785831
65765.78373554205,0.6506825867933586,-0.868513144334305,121.7836688907573
66069.34480075957,0.6572312738070923,-0.8668214105140853,120.3107191137059
66374.30704019091,0.6637161385919719,-0.8628935112175471,118.8102971224343
66680.67692136219,0.667313488881824,-0.8612145025450134,117.2685979084982
66988.46094165267,0.665170038515735,-0.8566816693211363,115.7210550786326
67297.66562843176,0.6729919351109752,-0.8550083299917816,114.1383139687656
67608.29753919819,0.6837958183711759,-0.8528068545045573,112.5177622091013
67920.36326171843,0.6904029293108194,-0.8496311138652758,110.9100985955885
68233.86941416697,0.6941891172275017,-0.8462042905643932,109.2605362754486
68548.82264526613,0.6988757643790339,-0.8448330765622726,107.5689931679917
68865.22963442763,0.7002415020984919,-0.8439804889665969,105.856056950348
69183.09709189364,0.7006247889301521,-0.8409889798967206,104.1005291044499
69502.4317588797,0.7021279835566306,-0.8418055211429732,102.3471571397483
69823.24040771712,0.7020689478282633,-0.8444111875731308,100.5209395761973
70145.52984199714,0.6964879976287142,-0.8419432837736414,98.69178750732243
70469.30689671467,0.6938627735518949,-0.8469228092616727,96.83370896201816
70794.5784384138,0.6833828343975565,-0.8514912615276403,94.91220878214256
71121.35136533288,0.669685817152112,-0.8610130157894762,92.9681339750685
71449.63260755134,0.6635282485775219,-0.867077302691962,90.99392465137413
71779.42912713616,0.6597248944474499,-0.8784330156683823,88.96974620523113
72110.74791828997,0.6499487456672488,-0.8925120263843238,86.89253980162255
72443.59600749899,0.6318192410962602,-0.9075285749498819,84.82302659457635
72777.98045368242,0.6158854241959253,-0.9281573014656885,82.69507148260456
73113.90834834172,0.5958201846757801,-0.9518835271235927,80.51244223700724
73451.38681571151,0.5734603135385705,-0.9800981818449072,78.32960190036729
73790.42301291008,0.547500359277166,-1.013911398301581,76.05846943070696
74131.02413009177,0.5188517199714681,-1.050054460393336,73.77432831087128
74473.19739059889,0.4862741658060992,-1.092147496221269,71.46319288091607
74816.95005111545,0.4483857798495138,-1.141117602506997,69.11552211473041
75162.28940182053,0.4015893878841019,-1.194147712439581,66.72225666320755
75509.22276654342,0.3688056397054824,-1.260006748047761,64.28009834336777
75857.75750291836,0.3300223983909703,-1.325828765980648,61.84554226589218
76207.90100254123,0.2869389960500205,-1.402077870975579,59.35612149968337
76559.66069112561,0.242134574326444,-1.490278523825526,56.84613077951028
76913.04402866098,0.1952243982747796,-1.585433540940046,54.31723996663565
77268.05850957023,0.1396025831269191,-1.684712887409162,51.75795060692099
77624.71166286919,0.09100121512211065,-1.800376433398392,49.18940813632378
77983.01105232586,0.03756488960454583,-1.922392800941703,46.6284875671837
78342.96427662121,-0.01615930811589304,-2.050562032276626,44.0232540426442
78704.57896950985,-0.07269329292712545,-2.193107100751875,41.44902175872908
79067.86279998253,-0.133450929388974,-2.347911267284156,38.87210513974911
79432.82347242814,-0.193703984107154,-2.506374318415504,36.27971599756331
79799.46872679768,-0.2345451019521236,-2.680861868813531,33.70568486500484
80167.8063387679,-0.2849906775483446,-2.864340960626908,31.12799146467324
80537.84411990669,-0.3329710857136015,-3.055363495276082,28.57142082144412
80909.58991783821,-0.3812842409733794,-3.257200224088276,26.05195892287439
81283.05161640994,-0.4301378977447374,-3.469514297545813,23.53854617098318
81658.23713585922,-0.4742792298845901,-3.692634612572843,21.09434363466096
82035.15443298186,-0.5168540004501061,-3.920793345478076,18.62158507117027
82413.81150130021,-0.556824948519564,-4.159374788558451,16.20662095729344
82794.21637123344,-0.5974475715385703,-4.405177515401983,13.82099727392124
83176.37711026709,-0.6372407006689896,-4.659023078482301,11.49996909282391
83560.30182312484,-0.6718774667124429,-4.927273938127382,9.193088646422979
83945.99865193974,-0.6971265673851595,-5.190059048366637,6.938501221967329
84333.47577642757,-0.7199331666885157,-5.467199340307701,4.708549647790861
84722.74141405964,-0.7468733557082469,-5.749076012474946,2.522010426785613
85113.80382023768,-0.7685092477058411,-6.029519314080759,0.4193288884950164
85506.67128846832,-0.7901222463594917,-6.327143913116666,-1.67291342595238
85901.35215053961,-0.8065485597588675,-6.625453583873041,-3.715261786292714
86297.85477669702,-0.8256128191995759,-6.924172424240838,-5.705112949534502
86696.18757582165,-0.8388441457658556,-7.22883265024231,-7.700463940570899
87096.35899560805,-0.855693088579603,-7.539177513982743,-9.56876520120092
87498.3775227436,-0.8754245300229925,-7.848516727728288,-11.4225164919784
87902.25168308843,-0.8779760276903215,-8.159768140347401,-13.23594573316046
88307.99004185628,-0.8805335127849806,-8.475308135789007,-15.02033840910278
88715.60120379608,-0.8850118158968356,-8.797722634927368,-16.76986451835438
89125.09381337455,-0.891770921437895,-9.115731138199081,-18.48979664368319
89536.47655495937,-0.8974382057014797,-9.43344702271437,-20.16238626707167
89949.75815300351,-0.8997958662727435,-9.753644946473131,-21.7437032693
90364.94737223013,-0.8999034868632066,-10.08133791254459,-23.32375342093702
90782.05301781857,-0.9017789641377639,-10.40709055620876,-24.86027650460944
91201.08393559097,-0.9073107175315807,-10.73135776083013,-26.39266602805878
91622.04901219998,-0.9123519511149398,-11.0624291890833,-27.82784797310534
92044.95717531712,-0.9039259031319231,-11.38534879542011,-29.27177369922463
92469.81739382225,-0.8996994181410202,-11.70716342460321,-30.65876501370263
92896.63867799363,-0.895697510336816,-12.04511787902067,-32.02364321375063
93325.4300796991,-0.8947539102980542,-12.35999487785653,-33.36176208496985
93756.20069258803,-0.8901433615737264,-12.69339792465623,-34.73357712715863
94188.95965228413,-0.8864232381639761,-13.01766174432526,-35.93643402228521
94623.7161365793,-0.8825444497737998,-13.34071379324506,-37.24930511876185
95060.47936562814,-0.882046029907936,-13.66433026480079,-38.42959315043555
95499.25860214359,-0.8870313856719558,-13.98440743014137,-39.64781213717043
95940.06315159332,-0.8753712957141444,-14.33035630775087,-40.81881673692796
96382.90236239704,-0.8641711395760756,-14.6398642565536,-41.96098191602476
96827.78562612491,-0.8575266022262737,-14.96579380459878,-43.07149382656649
97274.72237769651,-0.8562245275830715,-15.28207894136662,-44.21554730957386
97723.72209558106,-0.8515458495837225,-15.61022760323138,-45.34289672058291
98174.79430199844,-0.8420434220778872,-15.92736522517621,-46.3007853111386
98627.94856312104,-0.8363910368267585,-16.23737772710655,-47.43943932002762
99083.19448927676,-0.829542278457551,-16.57748280389966,-48.46226566177363
99540.5417351527,-0.831901981383718,-16.88369511166719,-49.41339605182002
100000,-0.8254234811124288,-17.20524498346117,-50.36809362019105
100461.5790278395,-0.8259752842007226,-17.51781237885062,-51.40765236642192
100925.2886076685,-0.8221971181406991,-17.83083431255862,-52.22781391435076
101391.1385736679,-0.8079173248136884,-18.16508617062551,-53.25690912428272
101859.1388054117,-0.8012235363777744,-18.4791764442602,-54.12794388323317
102329.2992280754,-0.79287749514276,-18.77530321152583,-55.05153446999051
102801.6298126474,-0.7865447483388903,-19.10948862063483,-55.88266855533659
103276.1405761397,-0.7831481037487636,-19.40251916414267,-56.66297708108034
103752.8415818013,-0.7774392354193954,-19.72699816333003,-57.5969110288122
104231.7429393304,-0.7728678561639766,-20.02307398446452,-58.36663658913237
104712.85480509,-0.7640208727233982,-20.34127659125632,-59.29265035065627
105196.1873823223,-0.762916852271049,-20.66209619111912,-60.09259218358487
105681.7509213658,-0.757680071257209,-20.96563966482557,-61.01080303370156
106169.5557198725,-0.7548706324772307,-21.28470955066764,-61.8089241904401
106659.6121230258,-0.7554445992119643,-21.55265737277256,-62.50798460391717
107151.9305237606,-0.7470468635173912,-21.90114505833063,-63.35048008322427
107646.5213629835,-0.7393268595985749,-22.17836797709933,-63.88135921286975
108143.3951297938,-0.7313066111361205,-22.51091705184097,-64.69647189166498
108642.5623617066,-0.7213798914836024,-22.78971983535083,-65.43002122617487
109144.0336448757,-0.7186695210766335,-23.11327929273485,-66.16416639972044
109647.8196143185,-0.7127295190201154,-23.40769141545149,-66.77001420035019
110153.9309541415,-0.7108751694073936,-23.71282391055949,-67.36785420175045
110662.3783977666,-0.7049132093460463,-24.04750072245673,-68.4081887667495
111173.1727281591,-0.7017397784782741,-24.31283284658303,-69.08768853064045
111686.3247780561,-0.6922423388833887,-24.60881717340816,-69.76886328682851
112201.8454301964,-0.6956476643049734,-24.91077125024659,-70.24003543390043
112719.745617551,-0.6993720434876649,-25.24816288223857,-70.82617082809104
113240.0363235557,-0.6882611485344723,-25.55782756485443,-71.4247712222203
113762.7285823431,-0.6832105163412266,-25.84537855500766,-71.89035765711665
114287.8334789772,-0.6729919509774414,-26.13819323281703,-72.75536739012463
114815.3621496883,-0.6714763170782354,-26.44036697018115,-73.1383674544047
115345.3257821092,-0.6655504721906915,-26.72956410311613,-73.6486753580789
115877.7356155126,-0.6603764049943541,-27.0218775522757,-74.17914266317813
116412.6029410491,-0.6564118105193411,-27.30070488233142,-74.9156938712764
116949.9391019871,-0.6528743205938377,-27.60533535598929,-75.88705269367915
117489.755493953,-0.6485339077873946,-27.89862119275231,-76.09702015340247
118032.063565173,-0.6481847440832351,-28.1874341686601,-76.84658909148762
118576.874816716,-0.6478893410725149,-28.53256969367555,-77.24810505520024
119124.2008027375,-0.6491619342965993,-28.74381065331736,-77.76437020019239
119674.0531307244,-0.6359650874144868,-29.05823968697893,-78.33013104314549
120226.4434617413,-0.6305109223144729,-29.37100432454452,-78.5573783917805
120781.383510678,-0.6263935250176171,-29.78040224559431,-79.50126692796735
121338.8850464977,-0.6225502579417523,-29.95229796618954,-79.76958356396349
121898.9598924867,-0.6163434941942371,-30.21748144976985,-80.41239272883981
122461.6199265049,-0.6156099177153304,-30.54433264473761,-80.61691296755589
123026.8770812382,-0.6107285763736476,-30.80147495889711,-81.07763300538441
123594.7433444511,-0.6093610669317824,-31.2385321227509,-81.80315084113991
124165.2307592411,-0.6095409681653958,-31.47272883373962,-82.39422029651662
124738.3514242943,-0.613129226562114,-31.82507231981768,-82.31173023189373
125314.1174941416,-0.6136311134162692,-32.00464114094432,-82.52396089062584
125892.5411794168,-0.6018005494608597,-32.37290894367165,-83.10797384813378
126473.6347471152,-0.597793768449826,-32.51807290166025,-83.80252286635972
127057.4105208542,-0.5889319978718809,-32.95617900657321,-84.06760075288179
127643.8808811344,-0.589933823478633,-33.29221412292647,-84.89126382671208
128233.0582656022,-0.5852071016082737,-33.5136995752686,-85.39752776801447
128824.9551693134,-0.5844163022040869,-33.74962649078162,-85.62898432544318
129419.5841449986,-0.5820825165997749,-34.07030985526697,-85.64956249859419
130016.9578033291,-0.5765589508818112,-34.42154144955876,-86.08334020372388
130617.0888131842,-0.5789573035211394,-34.68493813717556,-86.24952520015557
131219.9899019203,-0.5868280468458666,-34.84686635071426,-87.84642584236761
131825.6738556407,-0.574904846139806,-35.28262925618414,-87.20914017571685
132434.1535194665,-0.5698766850850077,-35.56155919531808,-86.5170097077485
133045.4417978092,-0.5634819178271064,-35.86315979095427,-88.05478959186662
133659.5516546442,-0.5641426829294696,-36.201034355186,-88.30708894669229
134276.4961137863,-0.5578894580240674,-36.40637021345228,-88.14317164688875
134896.2882591653,-0.5572721855513153,-36.65936340451681,-89.84067948996089
135518.9412351036,-0.5546459659613807,-36.89738569876209,-89.54348681370561
136144.4682465949,-0.5533666318883717,-37.28918458281584,-88.85296638750508
136772.8825595849,-0.5573116446532984,-37.57853378862409,-89.7122882920884
137404.1975012515,-0.5633073004248617,-37.96925609878575,-90.66606307483465
138038.4264602885,-0.5501613118986287,-38.20650437182886,-88.91920519594066
138675.5828871888,-0.543136122314034,-38.68815513681368,-90.66566216731098
139315.6802945303,-0.5406534948588344,-38.82490095153263,-91.36472914411544
139958.7322572618,-0.5401217551309436,-39.1826951349066,-92.0515673412375
140604.7524129914,-0.5370450022468974,-39.31781425556085,-90.91625477225574
141253.7544622754,-0.5336496088565302,-39.91195520174431,-90.86963505432158
141905.7521689092,-0.532740438096367,-40.13385049424211,-90.60185959794512
142560.7593602188,-0.5353771989940361,-40.28606246494527,-90.36789070921748
143218.7899273543,-0.5416249831054629,-40.14208739682789,-93.16958113278849
143879.8578255845,-0.5345285498958838,-40.97223557656957,-92.36535309973482
144543.9770745927,-0.5266925157073735,-41.62483680562669,-92.86563806123348
145211.1617587742,-0.5240099420639265,-41.62642950873968,-92.85612617497479
145881.4260275348,-0.5242888137059765,-41.58435398276407,-91.34456717607515
146554.7840955911,-0.5227870692974304,-42.08913842454968,-91.40664735504731
147231.2502432718,-0.5178721377576038,-42.49421754116236,-94.61423690554506
147910.8388168207,-0.5167903224127212,-42.60543735125898,-94.07805077312366
148593.5642287007,-0.5159995147655445,-43.15538530461147,-92.94571857126935
149279.4409578996,-0.5227695881664587,-43.2363043728586,-95.00163085168703
149968.4835502373,-0.5193675023083443,-43.28194573864646,-91.36374860124518
150660.7066186742,-0.5117490232988782,-43.97551800444191,-92.1252648535317
151356.1248436208,-0.5074365701624599,-44.40884032114765,-96.25366275666283
152054.7529732496,-0.5069964610981728,-44.24292068980171,-94.7708125520391
152756.6058238072,-0.5043295986459004,-45.39865729872828,-92.19461952757965
153461.6982799294,-0.5032047341376132,-45.17764823922871,-92.20876343491611
154170.0452949559,-0.5020499420012987,-45.59423807737516,-96.62470441708956
154881.6618912481,-0.5071721604546869,-46.29064997948342,-93.16073574776601
155596.5631605074,-0.5141045337501932,-46.56994796922112,-91.45740944639788
156314.7642640954,-0.5052992685896942,-46.3310832929394,-94.96238667820786
157036.2804333552,-0.494621232455097,-47.16714610539082,-91.3289701839646
157761.1269699348,-0.4979082889941913,-47.49446072357209,-90.57081477285216
158489.3192461114,-0.4957344899166702,-47.90246904276472,-94.33768439546071
159220.872705117,-0.4912146267418743,-47.88053360700395,-90.260766150938
159955.8028614669,-0.492555404469688,-48.51572234058911,-89.29553400596109
160694.1253012877,-0.4934860443165628,-48.57133084486341,-94.10212446754025
161435.8556826486,-0.4977952279885956,-48.83015289926477,-91.08546686967159
162181.009735893,-0.4958254651617012,-49.98491151559055,-89.51966536777689
162929.6032639722,-0.4874375080196675,-50.27201044328787,-90.41332580085094
163681.6521427809,-0.4878699198135107,-50.06149431127134,-87.46354030564197
164437.1723214932,-0.485378211513541,-50.00396904623763,-88.85922552405655
165196.1798229015,-0.485224847993412,-51.22691566855323,-87.32216491747178
165958.690743756,-0.4825133236082486,-51.41173094426254,-88.60207991930747
166724.7212551063,-0.4828586189576353,-52.27902981760003,-84.56211855782135
167494.2876026437,-0.489482701653534,-51.86414321542649,-85.04949521947846
168267.4061070467,-0.4872798556645059,-52.51620220279936,-87.09178390720655
169044.0931643264,-0.479846804680191,-52.59874758247426,-86.71627539942919
169824.3652461744,-0.4787985964664655,-53.36620894399647,-84.23054744824552
170608.2389003123,-0.478450279382492,-54.13262476396362,-86.07116087010355
171395.7307508425,-0.4755355252328135,-53.49588976828134,-71.69645220728907
172186.8574986007,-0.4774889997904422,-54.08710667995861,-82.90106091135578
172981.6359215101,-0.4731883629985661,-53.90619020327339,-78.68867556583814
173780.0828749375,-0.4851404036861507,-54.60662145636842,-78.16488730552756
174582.2152920504,-0.4747936008361143,-55.45589486336851,-83.72355721197393
175388.0501841761,-0.4703298463576966,-55.66458206551783,-79.13214661623327
176197.6046411629,-0.4698522684891644,-56.64525914873983,-75.81453175816532
177010.8958317421,-0.4681493397704363,-56.77470957777761,-72.93414398084674
177827.9410038923,-0.4689693885625541,-57.0486272992313,-72.37189393686683
178648.7574852051,-0.4665587400866951,-59.12965779362953,-67.1920008248067
179473.3626832526,-0.4733196065439133,-57.21042773488151,-71.35973303522476
180301.7740859569,-0.4757569568625211,-59.47922611979222,-67.0906499982129
181134.0092619603,-0.468546757083957,-58.68557799322227,-69.22776582436938
181970.0858609984,-0.4621096130061487,-58.62723169492564,-68.5109202530702
182810.0216142743,-0.4649931277159767,-59.4954168504476,-60.29155420522191
183653.8343348347,-0.4624008069477835,-58.26800138052329,-63.44364964346304
184501.5419179474,-0.460778387310495,-60.03182025149843,-68.61353214959652
185353.1623414811,-0.4637019158382691,-60.73190595192651,-63.80013844457464
186208.7136662868,-0.4738944729594556,-60.33427221720704,-47.86909561665998
187068.2140365801,-0.4607822829020876,-61.74594557683864,-50.18392040426976
187931.6816803268,-0.4613723484938957,-62.83630607015733,-18.87531286961652
188799.1349096294,-0.4603658739803678,-61.13642525686122,-33.17363861546484
189670.5921211146,-0.4570584340797205,-59.56844267407365,-32.14428775446825
190546.0717963247,-0.4576022317910672,-62.53411284010866,-36.52995544238149
191425.5925021086,-0.4603559606038358,-62.03194409589593,-20.51627263823906
192309.1728910159,-0.4714822672991064,-63.03431004642839,-33.8146328991555
193196.8317016924,-0.4585633215484969,-63.87471213706586,-39.79922338955674
194088.5877592778,-0.4559749826101201,-61.89073280731712,-21.70069388421011
194984.4599758046,-0.4540946033010188,-61.20741617650016,-14.569765939191
195884.467350599,-0.4596339154114882,-62.30441245203296,-18.18524812012014
196788.6289706845,-0.4562244311582641,-61.31247573268196,-8.437607379496484
197696.9640111861,-0.4571680583251275,-61.14140251523409,-9.639328461005231
198609.4917357372,-0.4532438960469237,-61.47183349942281,-34.75793052178561
199526.231496888,-0.4555886971008045,-62.0949407792541,12.96526823308336
200447.2027365161,-0.4631195493621371,-59.00969489931096,28.3197589846168
201372.4249862388,-0.4683100258515169,-60.52045205222383,0.9513868822250515
202301.9178678272,-0.4607656743115195,-63.73980355142842,6.132072525038323
203235.7010936222,-0.4532110648657666,-64.4181159844145,5.066777546511986
204173.794466953,-0.4488315359658556,-60.73278634225496,13.0495364775763
205116.2178825566,-0.4554476896937648,-62.31526298485352,5.734982906195839
206062.9913270001,-0.4460992555052072,-61.1956310061272,17.37678574465599
207014.1348791042,-0.4511545603484432,-59.15022603734053,30.26670229882347
207969.6687103696,-0.4498150980430374,-61.37883666086416,9.284475544356148
208929.613085404,-0.4532657729712919,-61.07775104343433,2.035977205816408
209893.9883623525,-0.4487374884727458,-58.07025695801276,16.3482471084357
210862.814993329,-0.447760411510621,-60.53664339680579,21.84507346412386
211836.1135248502,-0.4549966595983696,-58.14552517030862,17.93705535940263
212813.9045982712,-0.4558155566842108,-58.80056486346292,33.03571732864896
213796.2089502233,-0.4632022852881584,-57.64127457869086,25.90788515067004
214783.0474130534,-0.4523089542095032,-59.86503591166888,25.42497706400957
215774.4409152667,-0.448925204616284,-59.95615347223738,25.45969032176242
216770.4104819695,-0.4485960561169111,-56.97055229133821,22.29479346839446
217770.9772353159,-0.4496121142862635,-58.68506020123582,23.26807713034788
218776.1623949553,-0.4420575660033881,-57.59394119367398,21.58291409923524
219785.9872784825,-0.4476819324606302,-59.25390021255473,29.05370365314899
220800.47330189,-0.4477448086411607,-57.82194387683255,28.21901614258707
221819.6419800219,-0.444316697262795,-57.00941397050508,24.43856195062629
222843.5149270304,-0.4499494219103833,-57.51704557815121,38.41421551006459
223872.113856834,-0.4454207366071098,-57.80211054219478,9.867188424362883
224905.4605835782,-0.4564309161520566,-57.02013024215029,33.46573670616982
225943.5770220978,-0.4614668007412891,-57.35567490484515,23.31069115174034
226986.4851883822,-0.449956973019989,-58.61079578591527,23.49312886302653
228034.2072000419,-0.4503434213252745,-57.46844417082898,30.46996313729855
229086.7652767774,-0.443227776801649,-56.96963696338634,42.51339120338019
230144.1817408509,-0.4435445578645661,-56.45024074089161,31.54498102135223
231206.4790175595,-0.4460467832146226,-56.42180201987544,33.59914122891261
232273.6796357108,-0.4435179292252342,-58.2784349016226,20.09785509093579
233345.8062281003,-0.4435871520029364,-56.45535874307411,20.68026998933495
234422.8815319923,-0.4459731826533053,-57.63055084296704,35.15314018839231
235504.928389601,-0.4487093403198919,-55.22292525247744,24.07868133039797
236591.9697485759,-0.4486880880328731,-56.79286835468786,36.32451520346842
237684.0286624876,-0.4544378787698106,-55.63848504766056,24.92031932256976
238781.1282913177,-0.4496897144095081,-57.33846917374302,28.64160487883304
239883.291901949,-0.448496680462472,-56.77320200625385,14.76294032316486
240990.5428686594,-0.4469691205315331,-55.85318995203914,28.4149013704849
242102.9046736177,-0.446202390931288,-57.03998602379238,36.1147775263468
243220.4009073815,-0.4432743781293844,-56.23312082839577,41.37565731848674
244343.0552693971,-0.4455560319464391,-56.02221095196013,33.62567497549421
245470.891568503,-0.4467803933878041,-56.23817203801892,40.02233427342875
246603.9337234339,-0.4430786681571288,-55.95036106198459,33.39033901695336
247742.2057633285,-0.4466686398531882,-54.65336253462692,35.38154931109855
248885.731828239,-0.450186781427389,-56.70823887793708,33.03272729139215
250034.5361696431,-0.45968205443818,-55.50297063305854,29.22814162713631
251188.643150958,-0.4508675333532627,-55.9988274300748,41.39306575283871
252348.0772480574,-0.4510780510631323,-56.82266946599974,41.1849429161965
253512.8630497907,-0.447907192763801,-56.43094763277971,37.23585260550249
254683.0252585041,-0.4430604361057069,-55.94117722222034,35.53460413315781
255858.5886905646,-0.445469554618706,-56.25451423241475,35.93178837263059
257039.5782768863,-0.4481622947084315,-55.30827993927212,37.10309811078956
258226.0190634596,-0.4483845270169151,-56.62613729763252,38.3188319138756
259417.9362118814,-0.4472360188159512,-55.91313889605327,32.92269442632507
260615.3549998895,-0.4507463284725104,-55.84837525139137,24.36803062063823
261818.3008218985,-0.4537971267688075,-55.44071070748436,37.25196160713523
263026.7991895381,-0.4535538404656693,-55.00279334528501,34.23733510090472
264240.8757321946,-0.4497596725681651,-55.22627543718463,37.2103221401125
265460.5561975539,-0.4475736939068966,-55.2770565465019,49.92649929262153
266685.866452148,-0.4446350935729828,-56.2147817359564,35.61311926899361
267916.8324819031,-0.4483294108819162,-57.11606182429147,26.37150215825584
269153.4803926916,-0.4493939593680399,-56.62134219356133,41.24153531803444
270395.8364108843,-0.4498211217287829,-54.71919359572385,44.67768000727575
271643.9268839082,-0.448025716138331,-54.67796476768238,36.13449665200742
272897.7782808041,-0.4488442520098195,-56.29041676862245,33.70621463625958
274157.4171927883,-0.4590566930592083,-57.79311435733571,46.18937783268733
275422.8703338166,-0.4562939457299804,-54.56856216074193,37.38423988168893
276694.1645411511,-0.449875772571892,-55.16415375905891,33.25356598643059
277971.3267759288,-0.4443936172185389,-54.14758937160712,33.40941459973009
279254.3841237338,-0.4501835271479795,-53.70748214095016,40.38558140785244
280543.3637951713,-0.4454852976162069,-54.63076524352915,37.7244128120183
281838.2931264454,-0.4510555570602387,-55.10661174457703,40.0283098275778
283139.1995799379,-0.4469932279627118,-55.46320184932775,29.62014818824836
284446.1107447915,-0.4503864140652541,-55.53154068076375,39.48068783042181
285759.0543374947,-0.454453279723159,-55.75525697665746,42.88589388106894
287078.0582024691,-0.4624338984413839,-55.3650606850406,39.70592479723027
288403.1503126606,-0.4560421708913305,-55.22942326677771,43.14403572852339
289734.3587701322,-0.4492445328995243,-53.74381737512258,37.52893351186218
291071.7118066605,-0.4480473567178057,-54.95414399437054,27.64778150651063
292415.2377843335,-0.4517121693679538,-53.84379250769784,38.30267705371309
293764.9651961531,-0.4498557643145567,-53.92077661364102,36.51721677618588
295120.9226666385,-0.4538561890244979,-54.03607697934923,32.94124709187262
296483.1389524342,-0.4565620123680219,-55.58128402402388,35.57357691867613
297851.6429429189,-0.4599818565279131,-55.35928777105191,38.61634977914644
299226.4636608189,-0.4704181179224322,-53.31291967243317,33.56894252032629
300607.6302628231,-0.4548256436948195,-56.87753571909158,31.22213719289343
301995.1720402016,-0.4533868629067478,-54.38312862397004,30.01954944011664
303389.1184194271,-0.4554350924138713,-53.54655181587823,43.29714352832382
304789.4989627983,-0.4502211061925574,-54.63144657553197,42.88515940026426
306196.3433690677,-0.4562964546123476,-55.20115633075901,41.80024950449763
307609.6814740708,-0.4516796556355036,-53.43691326309021,44.09645947954069
309029.5432513591,-0.4522918515590813,-56.32435934611068,45.622073520477
310455.9588128356,-0.4660382768921681,-54.44024005508034,36.84680428724025
311888.9584093937,-0.4653053789606377,-54.43601823055131,51.26979469730112
313328.5724315585,-0.459508147787308,-55.60438534053147,47.95562652840619
314774.8314101316,-0.4580492771547698,-54.12094591672636,44.73641769807765
316227.766016838,-0.4539981243346874,-54.20669518068146,39.19536157646031
317687.407064977,-0.4600582721478496,-53.27808751450415,32.19809551207008
319153.7855100762,-0.459174757935883,-54.90723396235384,45.28310820644708
320626.9324505466,-0.4550122111030248,-54.25098835131732,36.83706971431128
322106.8791283435,-0.4633955756980581,-54.62111832704439,38.37566400365596
323593.6569296283,-0.4780031113639241,-54.91364597082361,50.5297906482979
325087.2973854344,-0.4621896807038265,-54.07182174813339,34.37844716460854
326587.8321723358,-0.4621973012677398,-53.73719205423602,49.06686608833437
328095.293113119,-0.4637021859850707,-54.24738934114448,32.0304092944865
329609.7121774578,-0.4599602443873441,-55.16433016476012,47.44860362390935
331131.1214825911,-0.4587573816160386,-53.38839529282545,42.86742211547302
332659.5532940045,-0.4603343980222179,-54.17430128542481,46.30162714796869
334195.0400261143,-0.4629997045332704,-52.84516693296129,52.29054190153204
335737.6142429546,-0.476322013725282,-54.55004202688114,45.76894972770341
337287.3086588689,-0.4648945614959893,-53.67685185477616,49.82708702755097
338844.1561392025,-0.4637875041761202,-55.12674148061973,41.304892449379
340408.1897010009,-0.4632935666213777,-53.29213751622752,53.37400221526976
341979.4425137089,-0.4643882515060729,-53.5040183678389,44.55729982781581
343557.9478998746,-0.463100492221504,-54.25671142309333,44.14520092066789
345143.7393358563,-0.4652874771800456,-55.99310005455261,46.64884756562188
346736.8504525317,-0.4742148406219326,-54.66100467083639,44.04072430599699
348337.3150360119,-0.4763741528549247,-55.48763945806555,49.30738908858666
349945.1670283573,-0.4687689244555632,-53.39998061000547,43.26148166798394
351560.4405282981,-0.4615155292500328,-54.17297188529065,43.05513915858728
353183.169791957,-0.4710497159434517,-54.33058914944715,39.63410768513391
354813.3892335755,-0.4674632005588596,-53.85711227005192,45.13757459600233
356451.1334262443,-0.4728244670839888,-53.67363926430698,47.31914656143563
358096.437102636,-0.4743867282299475,-53.80331702282042,44.67708205806125
359749.3351557424,-0.4835541750003522,-54.80768063839778,45.79792078105277
361409.8626396133,-0.4744533367313534,-54.37664142371428,49.26366571685453
363078.0547701014,-0.4679231164986222,-54.87038177527445,43.44027231907842
364753.9469256079,-0.4727405692151379,-54.47598018919749,43.11457182728493
366437.5746478333,-0.4688999074812795,-53.20798101391325,46.28651256505019
368128.9736425315,-0.4715529212875933,-55.01797272470498,49.09973630088529
369828.1797802662,-0.4747755108973761,-53.78603229262606,45.77204160309456
371535.2290971726,-0.4848501378676154,-54.72248095811199,58.27066914818438
373250.1577957206,-0.4821759236276787,-52.82340039930303,48.46528603925452
374973.0022454836,-0.4735780920883482,-53.36751542551977,44.79385904271408
376703.798983909,-0.4749053040830755,-54.23954387847283,48.66552653498984
378442.5847170933,-0.4771449126559294,-54.19317025658995,43.39976606567575
380189.3963205612,-0.475968213583761,-52.98478709844447,48.42476717800762
381944.2708400466,-0.477614453526047,-54.07915740914957,40.94399161340255
383707.2454922788,-0.4836818337182919,-53.6544392372771,50.05040959594895
385478.3576657719,-0.4852728583632888,-55.02545330232174,41.76022171545927
387257.6449216173,-0.4799757400622925,-53.51823731121609,50.13488954451837
389045.1449942807,-0.4764520603981001,-53.83428133875131,45.31464622124876
390840.8957924021,-0.4799262549961473,-53.76264275883006,46.25546696476329
392644.9353996,-0.484506328644129,-53.00359923897563,47.17439441064591
394457.3020752785,-0.4839530914258663,-52.91863859550253,57.35842509525
396278.0342554395,-0.4944804357421257,-52.9181976401497,47.31073486814736
398107.1705534973,-0.4905556764720457,-55.26197015563176,50.84039660304984
399944.7497610975,-0.4818001757143237,-54.70789925294905,49.62289768399495
401790.81084894,-0.4853500696047303,-53.04053575805696,53.81033467954911
403645.392967605,-0.4852523437641699,-53.72526923347755,50.51379136619477
405508.5354483839,-0.4834000292227335,-53.52913045853383,47.94331282793946
407380.2778041128,-0.483550664978925,-53.71794840228146,42.23751414184911
409260.659730011,-0.4976852470940396,-52.00589219034789,45.04543422065279
411149.7211045223,-0.4841960056046774,-53.52472264135385,43.08518267339707
413047.5019901614,-0.4883202179568346,-53.10008890683234,55.49690313146367
414954.0426343631,-0.48673791736701,-53.30798966190933,46.87526972749187
416869.3834703355,-0.4884775301802954,-53.80918440413532,47.13030260106935
418793.5651179184,-0.4917675123315465,-53.15596923266049,55.93883263753763
420726.6283844442,-0.4983009893003948,-54.16307755022424,48.51892327365573
422668.6142656029,-0.4927501831767123,-54.98754707288636,49.45532100143616
424619.5639463128,-0.4880488214833588,-53.75046338229819,57.4660600209923
426579.5188015926,-0.4949289799382259,-53.31033280276561,49.73539035729543
428548.5203974394,-0.4922723610712942,-53.22934833273851,42.61405895983063
430526.6104917105,-0.4921168930223934,-52.19836542161291,53.76996139772626
432513.8310350086,-0.4989992641529817,-54.70287517033831,53.75501047742152
434510.2241715714,-0.4972122681735107,-53.20908962036583,51.05577781043581
436515.8322401659,-0.4945545200630804,-53.61681240986496,54.55385671358885
438530.6977749856,-0.4987951963139314,-53.56329194009979,51.5950847408858
440554.8635065532,-0.4961282970961464,-54.40314603777814,59.56208192844805
442588.3723626264,-0.4945914583501757,-53.72639585558269,49.84701601691471
444631.2674691086,-0.501879140591967,-54.0442763965831,50.51663349743991
446683.592150963,-0.5039450568830812,-52.54340681178229,58.10870074544164
448745.389933132,-0.4954358420351909,-54.39836699040153,65.70670967271788
450816.70454146,-0.499773856553253,-53.38343453482718,48.2415099191448
452897.5799036206,-0.5022430482004827,-53.97167270547796,54.1619032647092
454988.0601500485,-0.5002879152347626,-52.9118069997166,61.93432414691293
457088.189614875,-0.5100802443552304,-52.06670679237605,54.15802308503016
459198.0128368685,-0.5030227582161957,-52.90536578204375,56.89351017822126
461317.5745603793,-0.5046233415772753,-52.9152869439021,52.70056464925909
463446.9197362879,-0.5037409328496949,-52.72372199900362,50.18320600538337
465586.0935229589,-0.5042714174448568,-53.28507179647254,57.64338746125378
467735.1412871981,-0.5055073603044553,-52.30799060049274,56.72889685328636
469894.1086052153,-0.528721274391866,-52.39244126738019,53.33760117395941
472063.0412635905,-0.5058584256810982,-54.06995533875752,56.28463772782497
474241.9852602446,-0.5080758973038656,-52.78739961615984,64.04051674311449
476430.9868054156,-0.5090415566727704,-52.97313563568296,55.79505989921319
478630.0923226383,-0.5117354735626661,-52.64387199709081,60.23972389960363
480839.3484497285,-0.5133375068894139,-52.59361553345209,60.58146582501368
483058.8020397726,-0.5174998674376651,-52.121761761515,57.46215424019528
485288.500162121,-0.5074332359507321,-52.02366881857416,51.49885972232646
487528.4901033863,-0.5104972414457916,-53.27868300684523,60.8542874803336
489778.8193684461,-0.5123529855465991,-53.41408390598639,50.20823553912457
492039.5356814509,-0.5123129056930178,-53.3918953102316,61.5638253603626
494310.6869868354,-0.5267663744596128,-53.10772943605288,61.71776015261298
496592.321450336,-0.5184344506562829,-52.4100995577686,57.7640548112518
498884.4874600122,-0.5180132601878313,-53.24327063293589,56.22179915077243
501187.2336272722,-0.517384725586951,-52.99745593922864,58.91784610586561
503500.6087879047,-0.5139628587369965,-53.03849265103125,61.17217569564778
505824.6620031141,-0.5269530307756295,-52.36440674697263,62.20749830681653
508159.4425605604,-0.5212941505466715,-53.00749226001098,62.13893054043577
510504.9999754062,-0.5194577876775837,-53.12356902672505,61.30639177363896
512861.3839913649,-0.5200111147322304,-53.35893710733075,64.19611861207032
515228.6445817564,-0.5208258090044594,-51.69844648238107,59.92264724215399
517606.8319505677,-0.5280366194852292,-51.73758549405302,63.89437217929335
519995.9965335159,-0.526464123679621,-51.89253848931932,61.73774503255652
522396.1889991198,-0.5222208251544076,-52.68680422527876,67.6270124435429
524807.4602497725,-0.5243470333309621,-52.56302601059025,62.87556424575577
527229.8614228227,-0.5211862680604497,-52.29474453605577,64.63846003855662
529663.4438916577,-0.5261667038419471,-51.87481169702898,67.10398593048433
532108.2592667942,-0.5322471867242539,-52.04649026735836,68.29396790973641
534564.3593969716,-0.5276904977279128,-52.30312893279995,67.03256961364849
537031.7963702526,-0.5267181139451992,-50.65502667336396,62.49639867404466
539510.6225151276,-0.5283385805937337,-52.46937948334303,69.27693085094245
542000.8904016238,-0.5364169279280973,-51.09352595953936,64.79529571772368
544502.6528424212,-0.5364576122246322,-51.81610590590282,72.44076127174034
547015.9628939716,-0.5301741421544658,-51.06962619967695,71.71752955876468
549540.8738576245,-0.5315336475025974,-51.06961117667615,68.28703161944206
552077.4392807573,-0.5319035212777186,-50.50252248829068,71.20286112479812
554625.7129579107,-0.5397082863266294,-49.84407957464686,67.38870344762658
557185.7489319298,-0.5382297717238107,-51.02181426367486,66.06262977229804
559757.6014951101,-0.5339440769633214,-49.23388593747763,66.03707867389389
562341.325190349,-0.5357830025570441,-50.50526323957378,71.32202841970843
564936.9748123025,-0.5344062413173796,-49.99748643527062,69.35589477041169
567544.6054085471,-0.5538535227119512,-49.41390712081705,65.04357608523179
570164.2722807475,-0.5360494668766334,-48.71034845972983,66.41385779496042
572796.0309858292,-0.5380374056104092,-49.18804653992552,68.5313409310953
575439.937337157,-0.5405976086285467,-48.84202725336046,63.50147135685585
578096.0474057181,-0.5381692145086713,-48.74820716623215,63.88919477252229
580764.417521312,-0.5468147573453829,-48.59494623756972,62.10739731994886
583445.1042737447,-0.543047426348675,-48.56827121334105,58.43389552227108
586138.1645140288,-0.5462828572380395,-48.39092574791731,57.73581736351315
588843.655355589,-0.5482451459036315,-47.5950155868312,52.59279519059138
591561.6341754741,-0.5541148144763942,-48.34618347219887,51.459843043777
594292.1586155727,-0.5462858991092385,-49.25730159082305,50.12030263207954
597035.2865838369,-0.5504805428281002,-48.70242058365491,50.8015023794897
599791.0762555094,-0.5530193897330018,-48.26329569042714,48.79855006450805
602559.5860743577,-0.5571155282260677,-48.61389527053063,47.72860452063958
605340.8747539136,-0.5596982981143255,-48.99372892357627,48.15977953637848
608135.0012787179,-0.552019563051165,-49.75555799285616,48.28962538404696
610942.0249055721,-0.5582516126905173,-48.43487132006388,48.15951165592978
613762.0051647943,-0.553525362191054,-49.18158450787723,46.72248368882339
616595.0018614822,-0.5728246544866983,-49.85004892360177,47.1951498555031
619441.0750767814,-0.5605593044086233,-49.70002209909044,50.47199992808657
622300.2851691595,-0.5596791748163052,-49.84991683857108,47.77489433995882
625172.6927756859,-0.5595404234035464,-49.66546359658576,41.73408825967536
628058.358813318,-0.5723125130761439,-49.93647278237195,46.72102398820071
630957.3444801933,-0.5627585732330562,-50.77814826595775,47.30457115803065
633869.711256927,-0.5663920605440287,-50.05640194101727,50.71739307663805
636795.5209079159,-0.5654620740098136,-50.44717567284572,50.43415802291098
639734.8354826482,-0.5742292985056803,-50.83153225108823,51.45127798970739
642687.7173170197,-0.5700166981612056,-50.10033168290261,44.46806694494413
645654.2290346556,-0.565125764444224,-50.25897916386537,50.12756163983548
648634.4335482385,-0.5700850420903066,-50.59509697501865,47.64950757467005
651628.3940608427,-0.5741934229807982,-50.79303333536067,51.33967535351745
654636.174067275,-0.574351258160918,-50.10645299842988,55.55166109188956
657657.8373554206,-0.5717023462571356,-50.06111144666902,48.76682480126028
660693.4480075961,-0.5779559346730897,-50.87198098933271,51.52006410791977
663743.0704019089,-0.5773444597970006,-50.33018111909201,51.21638365591204
666806.7692136222,-0.5809252569862655,-51.11824548973785,53.07009249566831
669884.6094165265,-0.5770358679701403,-50.41527464801773,48.99659987359625
672976.656284318,-0.5775776088416332,-50.57580623226432,52.85977862089371
676082.9753919819,-0.5844607567551631,-50.16708333155545,55.28807038419096
679203.6326171847,-0.5870967270719942,-50.77093374093468,47.64203730074489
682338.6941416697,-0.5849557559516025,-50.51432864282744,51.91726567976874
685488.2264526617,-0.5857492085414748,-50.11971858752666,49.64721527819448
688652.2963442762,-0.5919834693035494,-50.94124586501835,49.35547766850176
691830.9709189367,-0.5892777638710316,-51.38861868246365,51.15063185725132
695024.317588797,-0.5882200277668275,-49.9622356787056,55.14595178092856
698232.4040771715,-0.5928904236701372,-51.09712629172051,49.21601354795868
701455.2984199714,-0.6005480356150185,-50.00269154309134,53.74001070207399
704693.068967147,-0.5891897693360879,-50.61935224017232,52.54991130420953
707945.7843841381,-0.5946571738135167,-50.78474939930102,51.78659194193616
711213.5136533292,-0.5938661882217928,-51.09361219871349,55.07628043209225
714496.3260755135,-0.6069527577101843,-50.42743866527805,53.34890159137926
717794.2912713619,-0.5964927428274565,-50.26072949790511,55.01530143482167
721107.4791828997,-0.5977299983586125,-51.57631369411629,53.40430358558001
724435.9600749902,-0.6002269580604299,-50.84902658990493,51.94577276683785
727779.8045368242,-0.606432361300756,-50.60554168114049,56.30401881286559
731139.0834834176,-0.6013340887619062,-50.42148502118373,55.01326842525587
734513.8681571151,-0.6025435511369674,-50.33042479843074,53.40241021187906
737904.2301291011,-0.6133284393685197,-50.88537644604425,51.36500065688615
741310.2413009177,-0.6040849796072111,-50.38306661145512,52.82891131576395
744731.9739059892,-0.6068176921178968,-50.87795771498817,55.88298023513403
748169.5005111545,-0.6076312057976336,-50.15923654035718,59.16835997772228
751622.8940182052,-0.6153233081200983,-50.33561903023222,55.55911199683658
755092.2276654337,-0.6076958523974172,-49.95837478230162,55.40333553069694
758577.5750291835,-0.6111237159784453,-50.42965919680331,54.50973884680906
762079.0100254118,-0.6194374125537503,-50.24621273755315,60.21614244626171
765596.6069112562,-0.6111171266941751,-49.66606799331117,61.29391282963002
769130.4402866095,-0.6149541713662454,-50.33630657153122,50.48571211263819
772680.5850957021,-0.6163064706431729,-50.7646513951603,59.40205420189892
776247.1166286917,-0.6259220580234442,-50.39816860451886,58.10179661412731
779830.1105232586,-0.6231065577824714,-50.25281905852243,58.18437752995966
783429.6427662116,-0.6205299890404141,-50.27665906526546,56.66605221706155
787045.7896950984,-0.6316728972869592,-50.04657753722482,55.62530023889292
790678.6279998249,-0.6218148566085051,-50.48942997128633,53.53641327139353
794328.2347242814,-0.6254966501083092,-49.80219833547153,58.85235613961015
797994.6872679765,-0.6294827353673942,-50.0392632409456,55.225299573231
801678.0633876791,-0.6291002051271322,-50.27349031135991,62.34063939031555
805378.4411990665,-0.6280798326918917,-49.67624351597782,61.71753564359506
809095.8991783821,-0.6309861891885171,-49.9534041510543,62.52597118475605
812830.5161640991,-0.6413059052181814,-49.76884875746858,56.56886639042016
816582.3713585923,-0.634465539176659,-50.58612578298075,60.93439322796196
820351.5443298181,-0.6360370323466749,-50.61647379904693,61.79297076022513
824138.1150130022,-0.6548675132902642,-50.2133099140424,58.08807484648275
827942.1637123341,-0.6407235292033248,-50.39781541182216,57.89830645479856
831763.7711026708,-0.6379715727997828,-50.30611808943246,58.21324853912863
835603.0182312478,-0.6546604282548178,-50.37747579020895,62.24356465219288
839459.9865193974,-0.6456600807155415,-49.93572640035811,64.59307340517901
843334.7577642753,-0.6468766532145689,-49.54774567163938,58.96880721019609
847227.4141405963,-0.6526806686992143,-49.62485550806829,58.57697378599826
851138.0382023763,-0.6503211027423121,-49.84688425429457,64.36051861370589
855066.7128846832,-0.6511618965886299,-49.92477949989822,59.64704256586495
859013.5215053955,-0.656846575739076,-49.65093906129357,59.69023203173221
862978.5477669701,-0.6556923256158629,-49.68988685792249,62.22441446898051
866961.8757582165,-0.6542954515584788,-50.66821425555289,67.09404700127729
870963.5899560805,-0.6610356297346748,-50.09949194048819,63.00340103923557
874983.775227436,-0.6597311440638743,-48.49534714126737,59.94496151119064
879022.5168308843,-0.6627977176349744,-49.91557982491116,61.27659770520525
883079.9004185627,-0.6622835869572884,-49.94446404695879,57.52392701858647
887156.0120379608,-0.6693247854489528,-49.88856476160169,58.5039314167356
891250.9381337455,-0.6628553649614244,-49.10672420861856,64.47470894138124
895364.7655495937,-0.67071845364728,-49.61403066556439,60.07576544724753
899497.5815300351,-0.6686934417298205,-49.09998006027809,60.46221905466447
903649.4737223014,-0.6722510715237087,-49.80791356604755,63.07665264621919
907820.5301781857,-0.6761120137702494,-49.68735725215089,64.33575113031161
912010.8393559096,-0.6740732116715815,-49.72342730211932,62.83520190027058
916220.4901219996,-0.6759165681458558,-49.37626400849129,62.04734338841331
920449.5717531712,-0.6863265400877988,-49.47013267249016,61.72768740539635
924698.1739382225,-0.6785723782067168,-49.12416083781663,64.05136800795333
928966.3867799363,-0.6843710717597791,-49.60163335295483,65.7437099738616
933254.300796991,-0.6945027224048673,-49.32874279714152,62.62148699071327
937562.0069258802,-0.6845811583467256,-49.41019591324594,65.86897318421308
941889.5965228414,-0.6871800648372478,-49.10094424379722,64.44385278736499
946237.161365793,-0.7014254431986475,-50.18336223969656,64.26751265857007
950604.7936562814,-0.692007111357703,-48.94673422936221,63.67325763927356
954992.5860214359,-0.6936769387816821,-49.11148399778479,61.20146283145892
959400.6315159331,-0.6994159516690903,-49.49700063424856,63.30930367808128
963829.0236239705,-0.6976228496707272,-49.10524413655647,65.75043196293878
968277.856261249,-0.7010046016072666,-48.94846603916356,65.99876734382698
972747.2237769651,-0.7033558243236754,-49.34838594139804,68.95358275201369
977237.2209558106,-0.7042400980778313,-48.63182000229298,61.22352945868897
981747.9430199844,-0.7131286350614745,-48.79570451801351,63.90214317502853
986279.4856312105,-0.7065529389631517,-48.8637363406567,66.84443997953008
990831.9448927676,-0.710092135578848,-48.7944656870738,68.52362577188532
995405.417351527,-0.7216552338359687,-48.7172567345825,66.10809310959723
1000000,-0.7142902785598791,-49.08325938752995,67.95374035128211
