70000.00000000001,0.6961264434775774,-0.8058793400534534,99.66841603552574
70073.52613664449,0.6962103071880419,-0.8073223669787679,99.1931426459013
70147.12950318567,0.6959107879174002,-0.810047417686385,98.73023142745876
70220.81018074379,0.6958991030668837,-0.8101994993575899,98.30620732519225
70294.56825052429,0.6898572803292681,-0.8082168504304621,97.85657622014588
70368.4037938179,0.6910949305106673,-0.8100630875454594,97.42339429239024
70442.31689200072,0.6892399541149264,-0.8113163406075834,96.98273566007154
70516.30762653434,0.6888919939614846,-0.8131863365464777,96.52492563796046
70590.37607896596,0.6867470274836254,-0.8134136523356554,96.09961719970218
70664.52233092833,0.6832292076613357,-0.8133194220431422,95.67396003275616
70738.74646414004,0.6817731065975066,-0.8161412853449745,95.23662851470931
70813.0485604055,0.6783974147520287,-0.8185979910117381,94.7693428090634
70887.42870161498,0.6776606274264876,-0.817827224469902,94.33258746668103
70961.88696974484,0.6723708356867719,-0.8204367937788632,93.89426678944912
71036.42344685752,0.6691111499827984,-0.8201321820116676,93.42479908073709
71111.03821510162,0.6629865851391867,-0.8206278459611711,92.97045404562826
71185.73135671212,0.660108640992953,-0.824681320762609,92.51152580383297
71260.50295401026,0.6595279030204517,-0.8268544269136636,92.09621550478823
71335.35308940383,0.6602185000198879,-0.8292793026040247,91.61935519945942
71410.28184538717,0.6592126741372289,-0.8308085843800364,91.16024153245066
71485.28930454122,0.6576267332001294,-0.8330621029117019,90.70463729407476
71560.37554953372,0.6574689318230466,-0.8369857064271237,90.21895927514804
71635.54066311923,0.6554922973519396,-0.8381020995040229,89.79154493739189
71710.78472813917,0.6545054410455736,-0.8389544966787144,89.31778589942996
71786.10782752209,0.6518634873927692,-0.8431451187341554,88.82596364342976
71861.51004428352,0.6515664787881479,-0.8464220855498046,88.38468333543619
71936.9914615263,0.6494566779493683,-0.8487283316070637,87.89576630473947
72012.55216244048,0.6447977915347591,-0.8536039798695714,87.43005956665765
72088.19223030351,0.6431634082541149,-0.8556616263251883,86.9598818461277
72163.91174848036,0.6383620891685975,-0.8578502640004469,86.49057225618748
72239.71080042348,0.6361488248180107,-0.8621676101504545,86.01432882769967
72315.58946967302,0.6336017713957554,-0.8688986570363246,85.53442354446452
72391.54783985692,0.6279095521314372,-0.8711145885360227,85.01701465681248
72467.5859946909,0.6238959334451294,-0.8750025291003921,84.53997172704953
72543.70401797863,0.6220772087176747,-0.8800564383709014,84.06958718708186
72619.90199361178,0.6183152840464724,-0.886056744514634,83.5705139740075
72696.18000557023,0.6134212346963166,-0.8897195249617064,83.09406623837765
72772.53813792195,0.6079788008164094,-0.8957264897082058,82.58990097909387
72848.97647482328,0.6001538257263824,-0.8975595932127018,82.10944523507644
72925.49510051898,0.5978764499398693,-0.9049561217778803,81.61752520110302
73002.09409934221,0.5933345951435305,-0.9110130198474324,81.10528021157528
73078.7735557148,0.5859279355767328,-0.9171703814729113,80.61918227438612
73155.53355414719,0.5829058606470705,-0.9233477321939109,80.09777278840664
73232.37417923863,0.5770183607181463,-0.9304854422400383,79.6086505749351
73309.29551567724,0.5727799868337139,-0.9375374580219389,79.08424822664591
73386.29764824003,0.5664742774339763,-0.9393933715590286,78.60010713951043
73463.38066179313,0.5629565353760592,-0.9495602583350565,78.07648135974671
73540.54464129174,0.5571620968987649,-0.9578497107467447,77.55443688959944
73617.78967178038,0.5480563929909867,-0.9615882527547617,77.0435096038138
73695.11583839283,0.5427539557327858,-0.9701928271759068,76.51892382106502
73772.52322635231,0.5361406358532819,-0.9784140332138693,76.01707815998311
73850.01192097156,0.5328270280660587,-0.9893538821157861,75.47624829665941
73927.58200765296,0.524309934209601,-0.9970715086469893,74.95241614566282
74005.23357188853,0.5186689379372312,-1.006917092554003,74.43100666406396
74082.96669926014,0.5098129518985121,-1.011795835404881,73.9187541908053
74160.78147543954,0.5036869853362124,-1.024623873587785,73.39046975711682
74238.67798618846,0.4979045726367192,-1.035674350232057,72.84449770875418
74316.65631735871,0.4907607490399535,-1.046275331152324,72.31548476406851
74394.71655489226,0.478817138660266,-1.051841928619926,71.78029416850434
74472.85878482144,0.4725595333586255,-1.062793740911838,71.24700171571671
74551.08309326883,0.4671991533763498,-1.078012615036419,70.71075099985396
74629.38956644753,0.4566082668784948,-1.085469770002319,70.17836461797742
74707.7782906612,0.4471549135149138,-1.097527507938208,69.64374122203263
74786.2493523041,0.4370012270636319,-1.108366234777658,69.09030091573243
74864.80283786132,0.4271039037479127,-1.120700772753124,68.54688695897936
74943.4388339087,0.4189724069982892,-1.135165687115491,68.00539118418202
75022.15742711314,0.409087706031688,-1.147167680756217,67.44420150240873
75100.9587042324,0.3971559703730625,-1.163073151570748,66.90816072205462
75179.84275211552,0.3875557547471085,-1.173562313329122,66.33374111182053
75258.80965770269,0.3744554842209618,-1.187601712536758,65.80488206887192
75337.85950802545,0.3669833489061631,-1.204245221039255,65.2519003704012
75416.99239020671,0.3591984055459293,-1.21641546224023,64.69548416955134
75496.20839146095,0.3527590053229214,-1.233859215671686,64.12001629234746
75575.50759909424,0.3436251648718499,-1.246744356312696,63.56013974989897
75654.89010050433,0.3375723052776766,-1.264414693937507,63.01344080361599
75734.35598318079,0.3288541044368953,-1.282812743786673,62.4373357603058
75813.90533470508,0.3188047594307082,-1.297798319785323,61.89208110566158
75893.53824275066,0.3091475572550209,-1.313372487286056,61.30058540512186
75973.25479508306,0.3025511558209727,-1.334499621942664,60.71837359401197
76053.05507956004,0.2923324726875109,-1.351389767843798,60.16483303119844
76132.93918413161,0.2823240921456264,-1.369411388318929,59.60609750483775
76212.90719684015,0.2730276745069798,-1.389040040572667,59.03830211322936
76292.95920582055,0.2602680272872411,-1.406835709930399,58.44836702130185
76373.09529930021,0.2512759330711573,-1.427725706469962,57.88531121206995
76453.31556559933,0.2395856661090183,-1.44841380855107,57.30900758540974
76533.62009313075,0.228082779295976,-1.468345476571914,56.75046332793815
76614.00897040023,0.2165560924176696,-1.489851261823596,56.13413011633644
76694.48228600649,0.2062707105216482,-1.511156810397803,55.56533256959995
76775.04012864131,0.196137672894873,-1.535615013660108,54.99345909354567
76855.68258708966,0.183076890330108,-1.556433950091114,54.41214660015501
76936.40975022969,0.1720338640537634,-1.57894059440868,53.8500149422028
77017.22170703298,0.1577038073893405,-1.602267219228765,53.26752343797281
77098.11854656454,0.147924422881741,-1.628609178388842,52.66331028991908
77179.10035798291,0.135681648919427,-1.650826974657997,52.09023402429398
77260.16723054032,0.1232704632934465,-1.675710332710059,51.50220305716982
77341.31925358273,0.1134505911455842,-1.701571521231649,50.89634476780664
77422.55651654988,0.1002034456017827,-1.726675600039473,50.30930674608975
77503.87910897561,0.08844256651597431,-1.752932353144773,49.74315302468247
77585.28712048766,0.07578413812552255,-1.780466469181658,49.16862434835276
77666.78064080796,0.06462874217824537,-1.807488496847908,48.57897187472258
77748.35975975271,0.05198287763361827,-1.837001066734489,47.98341278958763
77830.02456723241,0.04090059266106967,-1.865490357206842,47.37821990824155
77911.77515325203,0.02893372401680839,-1.892350250273007,46.80246530298939
77993.61160791105,0.01834628678545531,-1.924075985730204,46.20880938221347
78075.5340214036,0.003351126420476169,-1.954036980455786,45.61606599677202
78157.54248401857,-0.008912097911674072,-1.983818794756281,45.02979984256909
78239.63708613966,-0.02028382322320164,-2.01573056104343,44.42640453878413
78321.81791824551,-0.03266119061917484,-2.048285359434236,43.83214443718359
78404.0850709098,-0.04443848741169736,-2.077941515528309,43.2349522755228
78486.43863480135,-0.06069380126010682,-2.109088608085985,42.65822793517204
78568.8787006842,-0.07183156224443751,-2.144694159615456,42.068291874341
78651.40535941777,-0.08360816235914798,-2.178058673526528,41.47769959066695
78734.01870195685,-0.09432768919065029,-2.212898164882092,40.88202459050228
78816.71881935184,-0.1099850894373013,-2.246510489104197,40.28358622382503
78899.50580274871,-0.1253665920370033,-2.281871230198432,39.70036252212356
78982.3797433892,-0.1372136900702902,-2.321581970429248,39.10846691126638
79065.34073261087,-0.151588443588515,-2.35576241131674,38.53573390133319
79148.38886184727,-0.1673607130720613,-2.391495744684467,37.93434800481103
79231.52422262794,-0.1819340090197951,-2.430931037764494,37.33998564567167
79314.74690657854,-0.1942410252565646,-2.469100701456533,36.75132031852922
79398.05700542103,-0.2081508000934636,-2.50402090506632,36.16857442060994
79481.45461097368,-0.2181177415236627,-2.544067672710345,35.5705962178706
79564.93981515124,-0.227144547229091,-2.584818191362998,34.97344040703346
79648.51270996493,-0.2361944257278351,-2.626066135346949,34.3890856485102
79732.17338752265,-0.247233446957917,-2.666318586911143,33.81059285545967
79815.9219400291,-0.2559264140009623,-2.707689375216034,33.21876037919014
79899.75845978578,-0.2677247162959821,-2.747958907519543,32.62575528159621
79983.68303919114,-0.2796923345109504,-2.790582144817151,32.05793729747325
80067.69577074068,-0.2912608085967266,-2.832568201907868,31.45203026859349
80151.79674702707,-0.301139262475682,-2.876222716157932,30.88365280551159
80235.98606074022,-0.3109079444465901,-2.92012014166147,30.29033900733127
80320.26380466745,-0.323016397164082,-2.961891532304592,29.71596123130264
80404.63007169348,-0.3347800591340666,-3.007350562518928,29.15624328064898
80489.08495480062,-0.3471749342019083,-3.051754553813516,28.54984478168547
80573.62854706883,-0.3563187043416893,-3.100116594779392,27.97754206914398
80658.26094167588,-0.3675210604795266,-3.145085658011972,27.4156507806394
80742.98223189736,-0.37901342505753,-3.194407721662161,26.834376584241
80827.79251110685,-0.3907637071281089,-3.238288553749327,26.27307985006621
80912.69187277603,-0.4029240004357189,-3.286447915797562,25.69134169871314
80997.68041047473,-0.4125870668942783,-3.33666422267512,25.10998001059642
81082.75821787112,-0.4209894487860347,-3.387703769929663,24.52861965233467
81167.92538873166,-0.4356975103925628,-3.434206455159519,23.95968800049968
81253.18201692136,-0.4432604056568727,-3.483551206036322,23.40470944168056
81338.52819640384,-0.4536758265450553,-3.538175101090997,22.84469453351064
81423.96402124141,-0.4631121385907931,-3.586182680015096,22.26166818632596
81509.48958559513,-0.4755902029485414,-3.637373514565422,21.72286155429086
81595.104983725,-0.485543460033861,-3.687119952801154,21.14772721270344
81680.81030999005,-0.4938295733670044,-3.73815837732713,20.58269607882178
81766.60565884839,-0.5043718130715633,-3.794257380379347,20.05257713263509
81852.49112485733,-0.5132346765093577,-3.847206386946092,19.47538062207703
81938.46680267359,-0.5217720165372111,-3.903140134383164,18.93407185515625
82024.53278705319,-0.5299939672245652,-3.95306848031759,18.36483204727126
82110.68917285175,-0.5415445602116344,-4.009360642433034,17.80844326921462
82196.93605502453,-0.5483619272416308,-4.066082191467688,17.26077373730023
82283.27352862651,-0.5605282449533859,-4.121176012197586,16.73482000386215
82369.70168881252,-0.5702041666353937,-4.172926605848365,16.19012100625628
82456.22063083731,-0.5765720523297971,-4.229584989984255,15.62568586831964
82542.83045005574,-0.5832422223509817,-4.286737076602654,15.09989799046122
82629.53124192277,-0.5972753833020373,-4.345377609939646,14.55765918465048
82716.32310199366,-0.6029302961773098,-4.402030135146775,14.00414732971944
82803.20612592403,-0.611720146706451,-4.45889729425814,13.47325987489453
82890.18040946996,-0.62110829413479,-4.517070714487651,12.93957387690008
82977.24604848812,-0.6295843536894175,-4.576457340676493,12.4080953094778
83064.40313893589,-0.6407569688821492,-4.634844731187525,11.88760258349055
83151.65177687138,-0.6490993782499864,-4.697515285454164,11.35359104253628
83238.99205845366,-0.6580399501261481,-4.752753764364782,10.81646210883976
83326.42407994278,-0.6702373337659966,-4.814256081795733,10.30910626614222
83413.94793769988,-0.6803128263690246,-4.873011163189052,9.771932898715114
83501.56372818734,-0.6829295759135654,-4.932032765017413,9.267385687125113
83589.27154796885,-0.6893236704564074,-4.993872308143464,8.755920845053597
83677.07149370952,-0.6922971551622823,-5.058548336021575,8.238355764850681
83764.96366217604,-0.6953945236824586,-5.120373491575274,7.708854548664277
83852.94815023665,-0.7016840404814868,-5.185352405961805,7.2273642018963
83941.02505486147,-0.7079716458139953,-5.244869497506546,6.698693262344719
84029.19447312233,-0.7117877446027077,-5.307974781566892,6.212608743618432
84117.45650219313,-0.7161702678280764,-5.37210738773672,5.701280117640508
84205.81123934979,-0.7220741043567807,-5.437581743780492,5.169731043783344
84294.25878197041,-0.7271665309195241,-5.500723103722892,4.700907951244872
84382.79922753536,-0.7330338243768221,-5.564353127279976,4.18078411755846
84471.43267362747,-0.7396582408701375,-5.630110914353356,3.731360113164548
84560.15921793196,-0.746381612996227,-5.694409707053165,3.236875043491722
84648.97895823677,-0.7502360528547305,-5.75803860186567,2.737660385547855
84737.89199243246,-0.7534444789712004,-5.824306916461101,2.234798778823546
84826.89841851246,-0.7581455642769213,-5.88717412456651,1.761257288304323
84915.99833457312,-0.766343131694357,-5.956423227070308,1.312525319746754
85005.19183881381,-0.7702375747953276,-6.020952948466432,0.8113805943429497
85094.47902953711,-0.7756380868981299,-6.082682891469794,0.3206273677942235
85183.86000514877,-0.7814923189323679,-6.148246416119607,-0.1516303910165533
85273.33486415794,-0.7857626576659331,-6.218301004085621,-0.6379863026822008
85362.90370517726,-0.7894182918356678,-6.288711052665627,-1.093184922611059
85452.5666269229,-0.794626639808943,-6.355260555647248,-1.579075228175398
85542.3237282148,-0.7976575206358809,-6.421885120574861,-2.02618047973489
85632.1751079766,-0.8031012131214472,-6.491338849824814,-2.48628114414268
85722.12086523592,-0.8052556702151021,-6.559321833100977,-2.953559972449199
85812.16109912437,-0.8122289033083184,-6.625652239954207,-3.399683777813209
85902.29590887767,-0.8158683422601464,-6.692036856896097,-3.867134220447337
85992.52539383581,-0.8207399183883177,-6.764055091847564,-4.324766043271211
86082.84965344312,-0.821089942707161,-6.834844696509585,-4.783762618627405
86173.26878724831,-0.8249951476036053,-6.893605656670241,-5.204920126418146
86263.78289490477,-0.8276098181797449,-6.967308544398133,-5.676370778052586
86354.39207617046,-0.8321849315918101,-7.039605594535482,-6.120523609317559
86445.09643090825,-0.8315973963312677,-7.108742715903097,-6.536204422458397
86535.8960590857,-0.8395980057995489,-7.179869700180872,-6.982134555903927
86626.79106077561,-0.8406360788999406,-7.246362780906472,-7.415870980801813
86717.78153615569,-0.8439514807883539,-7.315968833709388,-7.818042994215787
86808.86758550901,-0.8478188181512658,-7.391282313839021,-8.267110619024649
86900.04930922392,-0.8538278842146342,-7.454335138069225,-8.714713606830912
86991.32680779423,-0.8565512749042237,-7.529482829979455,-9.138953235975016
87082.70018181928,-0.861377015037285,-7.600978482095398,-9.561057718881813
87174.16953200412,-0.8657448374117473,-7.669996912609922,-9.957425738926398
87265.73495915951,-0.870701220450653,-7.737989668297766,-10.40495369598935
87357.39656420219,-0.8753445204565869,-7.814560361578614,-10.86980824178139
87449.15444815485,-0.8803593413831559,-7.882435334884531,-11.25389379797113
87541.00871214624,-0.8825015512028834,-7.959506839033434,-11.6856333505566
87632.95945741145,-0.879468515722412,-8.026151252326844,-12.06340309365878
87725.00678529181,-0.8821243265629654,-8.099547393122878,-12.47077074775883
87817.15079723512,-0.8792257086747413,-8.171309172387387,-12.89293937261986
87909.39159479579,-0.8790186523186566,-8.242092433698883,-13.29295470062302
88001.7292796348,-0.8793690474096865,-8.316961085244326,-13.70290212407079
88094.16395351999,-0.8802485500513999,-8.387168823239488,-14.10462092834711
88186.6957183261,-0.8796996747128681,-8.463604059835912,-14.50356508557297
88279.32467603481,-0.8837653234363545,-8.532153909370658,-14.90708258840422
88372.05092873499,-0.883840076096522,-8.602402483873149,-15.28841092644476
88464.87457862268,-0.8831650526779964,-8.676804547311063,-15.71702776876022
88557.79572800129,-0.8848332190432645,-8.751852858758912,-16.05612325996737
88650.81447928173,-0.8855692200120999,-8.819637445214521,-16.40874654414283
88743.9309349824,-0.8887521929543173,-8.895772747504072,-16.83378468648456
88837.14519772946,-0.8899840733741642,-8.96594123618115,-17.21977581228712
88930.45737025677,-0.8914136826649065,-9.042516627458294,-17.59366834279476
89023.86755540622,-0.8910895234453822,-9.10943780197816,-17.97063724514613
89117.37585612763,-0.8936141894558537,-9.185680429144913,-18.32692700052205
89210.98237547897,-0.8951135416416632,-9.258273602935089,-18.68958991810661
89304.68721662649,-0.8954720260608859,-9.332821317472638,-19.13036868720469
89398.49048284481,-0.8970176781316943,-9.407325300964683,-19.52016405374218
89492.39227751696,-0.8958039717442255,-9.475626957206693,-19.8429717450371
89586.39270413465,-0.8959568114725592,-9.551631763300106,-20.212776367005
89680.49186629821,-0.8968299702345972,-9.63635450161647,-20.64897003880391
89774.68986771685,-0.9005118878368175,-9.708132911956389,-21.06332377607486
89868.98681220868,-0.8973790328464671,-9.781580002942277,-21.37833918635074
89963.38280370089,-0.9010309170107083,-9.85283069261582,-21.74287629522755
90057.87794622981,-0.8993633443258979,-9.92858901354356,-22.07709443030022
90152.47234394103,-0.9002456885096467,-10.00530579791092,-22.45878033100693
90247.16610108958,-0.8992753160222378,-10.07122986066877,-22.79310042659753
90341.95932203994,-0.9002093830173628,-10.14977586501672,-23.1391275236565
90436.85211126623,-0.9012577281024445,-10.21777825016084,-23.5278891868619
90531.84457335235,-0.9008186553718318,-10.29932471173476,-23.9020678173449
90626.93681299202,-0.8997235528269552,-10.37307725187419,-24.22887936811719
90722.12893498891,-0.9027772698109398,-10.44897995668097,-24.54334154091578
90817.4210442568,-0.9006909262535743,-10.51659982682343,-24.88200936664997
90912.81324581962,-0.9026527575547932,-10.59468426130296,-25.25660362581985
91008.3056448117,-0.9055065504737809,-10.66053783065003,-25.56530873540324
91103.89834647773,-0.906630101049727,-10.74347971720325,-25.85678979141598
91199.59145617297,-0.90877352812766,-10.8198333941062,-26.21672897009
91295.38507936336,-0.907568261570372,-10.89421691881943,-26.57211081624897
91391.27932162557,-0.9116097791921101,-10.97556867977835,-26.87340561617924
91487.27428864721,-0.9157367483262366,-11.035876041903,-27.23156283561934
91583.37008622687,-0.9163405425709217,-11.1096324996766,-27.56462291217886
91679.56682027433,-0.9110458022467247,-11.18995119051867,-27.88642069216245
91775.86459681053,-0.9085018642826547,-11.26256246142394,-28.19521585121797
91872.2635219678,-0.9066948123753598,-11.34008941003788,-28.60136413235324
91968.76370199,-0.9048663108448142,-11.41645964243816,-28.88138977053498
92065.3652432325,-0.9031575624241007,-11.48845506341318,-29.19252791284165
92162.06825216245,-0.9005537402931991,-11.55700123557466,-29.45596823964024
92258.87283535882,-0.8998563347112694,-11.63757838427011,-29.77011531582389
92355.7790995125,-0.898894415651298,-11.70431145885365,-30.11283745302063
92452.78715142647,-0.8993217131015642,-11.77905597452472,-30.40151256078689
92549.89709801586,-0.8966978123255031,-11.86217353007092,-30.66863180826908
92647.10904630816,-0.8951067107060752,-11.92497667803762,-31.029045544903
92744.42310344322,-0.8947560170186276,-12.00367080115022,-31.36667874083919
92841.83937667345,-0.8939431349580894,-12.0778289997003,-31.61707640229784
92939.35797336393,-0.8945470054691336,-12.15216114708728,-31.97365539243371
93036.97900099248,-0.8965238540437375,-12.22675927815079,-32.25531377908581
93134.70256714986,-0.8938296955139337,-12.29460670638316,-32.56500109485735
93232.52877953977,-0.893050165263427,-12.36790425446901,-32.84569670184642
93330.45774597912,-0.8897139565131819,-12.45056671776945,-33.16903559125616
93428.489574398,-0.8923559844038091,-12.51995239118263,-33.49539321885953
93526.62437283991,-0.8922126128926484,-12.59621238184691,-33.72444837828033
93624.86224946183,-0.8906382519415639,-12.67599049259426,-33.97318815476001
93723.20331253432,-0.8883209458101221,-12.74457898309754,-34.30154322139983
93821.64767044166,-0.8894808611921745,-12.81913650507314,-34.60422093408825
93920.19543168203,-0.887322118362912,-12.89047319537302,-34.89016369826433
94018.84670486755,-0.8878652486646975,-12.96892794157392,-35.20326954043146
94117.60159872436,-0.8861444066418432,-13.04215407775066,-35.4799927408405
94216.46022209291,-0.88459104077682,-13.12055952843506,-35.71211008116072
94315.42268392787,-0.8830014528984791,-13.1993312326225,-35.99361334992562
94414.48909329843,-0.8818381655592905,-13.26540966651152,-36.31022504006482
94513.65955938832,-0.8798737677187167,-13.35573945646078,-36.59763085750257
94612.93419149592,-0.883985622544017,-13.41889400381342,-36.88008083977775
94712.31309903448,-0.878047801310457,-13.4947637352702,-37.15792290568091
94811.79639153209,-0.8798911317745505,-13.55935006767788,-37.42520484206217
94911.38417863198,-0.8804740244684751,-13.6449540411142,-37.70754067092342
95011.07657009247,-0.8807844552471833,-13.70910377313758,-37.99390818852919
95110.8736757872,-0.8771547108776284,-13.79055211754749,-38.25765628603061
95210.7756057052,-0.8796239493944481,-13.85921901622847,-38.49202145969973
95310.78246995108,-0.8817564941794351,-13.92871297511945,-38.81916377801451
95410.89437874504,-0.8818050633855091,-14.02013491434902,-39.05594273850081
95511.11144242309,-0.8848448460190704,-14.08894473231992,-39.33595752345757
95611.43377143708,-0.886242083688568,-14.16114880394064,-39.60007720660805
95711.861476355,-0.8819286023533012,-14.23045839452438,-39.8709443751408
95812.3946678608,-0.8799957947072006,-14.30527010178771,-40.09794363457134
95913.03345675486,-0.8764150922286063,-14.38376274568677,-40.41328587871055
96013.7779539538,-0.870411620152832,-14.45561912853165,-40.65495638872989
96114.62827049088,-0.8698425579409742,-14.52969973190192,-40.89557279347157
96215.58451751585,-0.8666930896696323,-14.60014263312224,-41.11574455348944
96316.64680629532,-0.8654197513573705,-14.6675864682942,-41.35639066410604
96417.8152482127,-0.8616924754052991,-14.74703479176921,-41.68574569521816
96519.08995476844,-0.8599222662363725,-14.82303303073944,-41.96365903509643
96620.47103758006,-0.8597142166375713,-14.88226622298723,-42.16063068803412
96721.9586083824,-0.8564967235899169,-14.97184407365132,-42.42658685097149
96823.55277902754,-0.8565446819343757,-15.04834886062942,-42.6157108973431
96925.25366148517,-0.8574157953388156,-15.11052724149431,-42.81023368543745
97027.06136784251,-0.8550845283653639,-15.18798928127277,-43.18141533888539
97128.97601030458,-0.8533403096999372,-15.25508304853137,-43.3032962216879
97230.99770119415,-0.8549716013405219,-15.33550575585169,-43.70616245181589
97333.12655295212,-0.8513449415000324,-15.42121280054459,-43.935267269413
97435.36267813733,-0.8500935116562325,-15.48570595467878,-44.07870283541153
97537.70618942702,-0.8483568579473917,-15.55590175724191,-44.39444893448947
97640.1571996166,-0.8488631887359838,-15.62654795975675,-44.6035052470227
97742.71582162014,-0.8503231648119332,-15.7044921016308,-44.80521620695498
97845.38216847015,-0.846507124193176,-15.78063833230319,-45.15096528644553
97948.15635331802,-0.8438310635468316,-15.84470065243295,-45.33285275689659
98051.03848943383,-0.8410248568838115,-15.91346020433214,-45.51623320174504
98154.02869020679,-0.8401088695172061,-15.98938254619819,-45.83027275545635
98257.12706914509,-0.8394235967183052,-16.06846068474175,-45.98871988469129
98360.33373987624,-0.8420895422061081,-16.13636000106256,-46.25823049051405
98463.64881614699,-0.837564152684952,-16.21313958322549,-46.51312581445427
98567.07241182371,-0.8360014770562052,-16.2822341524054,-46.70752200958459
98670.60464089224,-0.8364536710350703,-16.35926516196741,-46.97536121271507
98774.24561745822,-0.8341659121284173,-16.41494240075767,-47.148534842598
98877.99545574712,-0.8325006285953384,-16.51148911509999,-47.55083376235886
98981.85427010444,-0.833846099365695,-16.59279444513415,-47.70413889613867
99085.82217499566,-0.830923035919115,-16.65340702568027,-47.70870213724933
99189.89928500664,-0.8292123816709638,-16.72782196761125,-48.19101714436107
99294.0857148435,-0.8295772500769198,-16.79551643463104,-48.17965930849797
99398.38157933291,-0.8284581571022454,-16.88122572006618,-48.46190577875559
99502.78699342205,-0.8249493969708517,-16.93215070514587,-48.77979379598263
99607.30207217899,-0.8247961377469194,-17.00726373749296,-48.94807490201936
99711.9269307925,-0.8218260767278719,-17.07873891934241,-49.1607368055077
99816.66168457246,-0.8236566760412403,-17.1511994841518,-49.429869419013
99921.5064489498,-0.8223760699083305,-17.22746168471067,-49.56652466300322
100026.4613394768,-0.8261242389692957,-17.30549962523706,-49.81690124199874
100131.5264718269,-0.8231108897004735,-17.36730708876078,-50.16766071858136
100236.7019617953,-0.821812852049367,-17.46169300670366,-50.21187030022968
100341.9879252986,-0.821191523675729,-17.53721789580566,-50.47351619112274
100447.3844783754,-0.8267640900924994,-17.60567353937331,-50.69640166948731
100552.8917371859,-0.8234265964720028,-17.66865778801769,-50.91897675328401
100658.5098180126,-0.8262928464932773,-17.73611023807645,-51.14290139244098
100764.2388372598,-0.8269353752787812,-17.78956174621453,-51.39472298230565
100870.0789114544,-0.8174860029819879,-17.87707103116405,-51.58612778487269
100976.0301572456,-0.8184501015939041,-17.94384570808567,-51.74884767264189
101082.092691405,-0.8141505211275275,-18.01807410667572,-51.89432034353633
101188.266630827,-0.8103897168697328,-18.1024263201431,-52.2124563887544
101294.5520925286,-0.8094417518278689,-18.16258697730328,-52.36381310612078
101400.94919365,-0.8046871337018928,-18.24411407328367,-52.65414583495998
101507.4580514542,-0.7997077211906047,-18.32130036841102,-52.76918268897487
101614.0787833273,-0.8026127683804771,-18.36791380598742,-52.98990212893787
101720.8115067792,-0.7999277788064679,-18.45297972656335,-53.19672913286837
101827.6563394425,-0.7982622689033596,-18.50533107437622,-53.27745273496652
101934.6133990739,-0.7967246898061554,-18.59077015027781,-53.56655618304258
102041.6828035537,-0.7950757242342112,-18.65952506791831,-53.71030977441204
102148.8646708858,-0.7936750389346767,-18.75718480258804,-54.00569747968413
102256.1591191982,-0.792606335500783,-18.81079211544433,-54.26042449956454
102363.566266743,-0.7874517550761845,-18.889746510695,-54.40793390927601
102471.0862318965,-0.7857605332692141,-18.95956229425057,-54.6529809587192
102578.7191331592,-0.7895094944092205,-19.02905628414891,-54.77218273380102
102686.4650891564,-0.7868209061693108,-19.08427939341773,-54.92647062432797
102794.3242186376,-0.7836568703374113,-19.1730865300847,-55.15751300432071
102902.2966404772,-0.7846458484969947,-19.2247913495444,-55.41984311780493
103010.3824736746,-0.7836469691069912,-19.2847265279881,-55.50599175425214
103118.581837354,-0.7807366462501417,-19.37663537745341,-55.54364203640007
103226.8948507648,-0.783099443983494,-19.43743631388693,-55.97408571389924
103335.3216332817,-0.7814557921144728,-19.51900785953205,-56.15596174451271
103443.8623044047,-0.7778091165827805,-19.60906672614722,-56.32567263425841
103552.5169837594,-0.7778992087152954,-19.65235089334848,-56.58162218180385
103661.2857910969,-0.7753047272138038,-19.74005526590166,-56.74294157028971
103770.1688462943,-0.7732334248503531,-19.81472034279517,-56.95084480559687
103879.1662693544,-0.772727906134639,-19.89485484705371,-57.11559428579687
103988.2781804064,-0.7722975648562324,-19.94536648172252,-57.29682557640131
104097.5046997052,-0.771595928267681,-19.99575914380153,-57.30229197617481
104206.8459476323,-0.7674365237175839,-20.07322090375244,-57.61337199268161
104316.3020446957,-0.7682738740911331,-20.17733811307102,-57.68530269642647
104425.8731115297,-0.7634994014888851,-20.22769332230817,-58.15181356703727
104535.5592688957,-0.7662948206009502,-20.32403018490579,-58.17290853260157
104645.3606376815,-0.7632097845593934,-20.37011688902336,-58.24972082471311
104755.2773389023,-0.7623362117102934,-20.4422519085756,-58.46043706867057
104865.3094937002,-0.7610262772484329,-20.51559826225326,-58.81701738378248
104975.4572233445,-0.7603879944836089,-20.60833959549835,-59.10001839209477
105085.7206492319,-0.7575788346569727,-20.66914920495212,-58.94599891207147
105196.0998928867,-0.7581034784381109,-20.75009697195399,-59.23806581988417
105306.5950759609,-0.758285185963652,-20.78751357860324,-59.36579642132027
105417.206320234,-0.7552949486082144,-20.85987671548219,-59.45908795676546
105527.9337476137,-0.7522677572560119,-20.93162647097525,-59.83205863645902
105638.7774801356,-0.7555763813495016,-21.02699061658324,-59.9741404272653
105749.7376399636,-0.7554023011066151,-21.06261371302461,-60.10495577827469
105860.8143493898,-0.7531072373169722,-21.14778242978723,-60.27568779825612
105972.0077308348,-0.7518789673531818,-21.20903223930295,-60.57820728770751
106083.3179068477,-0.7557448634372356,-21.3099833389543,-60.6325408276933
106194.7450001066,-0.7535573545660605,-21.36225109398312,-60.78938010419461
106306.289133418,-0.7531411396488414,-21.44109173898884,-60.97066480060393
106417.9504297179,-0.7512023586981988,-21.49629710725575,-60.99562244817554
106529.7290120711,-0.7518479192315648,-21.59726277131545,-61.3798807525562
106641.6250036716,-0.75133710826278,-21.64319445351529,-61.641338311837
106753.6385278432,-0.7579173972590502,-21.70064006396381,-61.82220241677075
106865.7697080388,-0.7544336403412546,-21.78395911202512,-61.88234335740692
106978.0186678412,-0.7516480890505197,-21.85050180722245,-61.8805155548968
107090.385530963,-0.7464260189587137,-21.9202109062458,-62.1314048768178
107202.8704212467,-0.7461437578023837,-21.99625661097869,-62.3307010227323
107315.4734626649,-0.7404017630596604,-22.05925652273468,-62.29797194616604
107428.1947793203,-0.7410657539821968,-22.14633433383291,-62.49320609912498
107541.0344954462,-0.7362099803796465,-22.21955726530253,-62.6995689483614
107653.9927354062,-0.7324294733133153,-22.27264894425229,-62.86386769551325
107767.0696236946,-0.7335061865520797,-22.34015797034951,-63.18203663437716
107880.2652849364,-0.7298700020575406,-22.41870548710923,-63.48002263475925
107993.5798438876,-0.7283044198349971,-22.49097975247213,-63.42904257195954
108107.0134254351,-0.7296478033238756,-22.54746266237319,-63.46083545495813
108220.5661545972,-0.7260494230753172,-22.60881104168242,-63.87386003945997
108334.2381565232,-0.7240222536456943,-22.69454334066872,-64.11378360198182
108448.0295564943,-0.7249116284848522,-22.73705771475644,-64.03219042584739
108561.9404799228,-0.7229835160769537,-22.81426971434315,-64.23791197904529
108675.971052353,-0.7245167294370779,-22.87734090981358,-64.37465140361292
108790.1213994611,-0.7176661916879569,-22.96724172896549,-64.53113066448878
108904.3916470552,-0.7167585468185439,-23.04558148663258,-64.78680654708171
109018.7819210755,-0.719224234719078,-23.11864171732442,-64.82078928605816
109133.2923475947,-0.7145653408749418,-23.16827389211851,-64.93185617772252
109247.9230528177,-0.7174873313473139,-23.25365444197038,-65.21543886476097
109362.6741630821,-0.7133381667650029,-23.31631686413264,-65.33001834118512
109477.545804858,-0.7163959677998676,-23.39639754529995,-65.29056454716211
109592.5381047488,-0.712056595968495,-23.45352512792338,-65.51302085533385
109707.6511894902,-0.7093281307345098,-23.51648347656488,-66.01704891049815
109822.8851859517,-0.7118974844390322,-23.58775905461648,-66.02398351263108
109938.2402211356,-0.7081934032271769,-23.63947263896,-65.95016788504165
110053.7164221778,-0.7054925348915092,-23.73917034958912,-66.36515295412748
110169.3139163476,-0.7105348037789438,-23.79051762456267,-66.42125178086201
110285.0328310482,-0.708353117642604,-23.86506433801391,-66.53377459999786
110400.8732938164,-0.7079374020416641,-23.92656366379514,-66.41796521007893
110516.8354323232,-0.7042708646387957,-23.97877724893443,-66.9583881427149
110632.9193743733,-0.7032553902832478,-24.05061506907395,-67.04224721039711
110749.1252479061,-0.6989104125234431,-24.11637254110856,-67.05886852205212
110865.4531809952,-0.6974672396990849,-24.22660625593441,-67.32489885177564
110981.9033018486,-0.6999498634527859,-24.32132676813445,-67.55131110734513
111098.475738809,-0.696919888346461,-24.33502063515771,-67.44630960961977
111215.1706203543,-0.699237440528646,-24.42798763754265,-67.79506838176776
111331.9880750967,-0.6969102795193511,-24.48176620678722,-67.82816347405037
111448.928231784,-0.6947376301554699,-24.5803720084145,-67.93607574419399
111565.991219299,-0.6940873448435764,-24.60722554101896,-68.16180256528668
111683.1771666599,-0.6952781354965322,-24.66186231635934,-68.29717066723219
111800.4862030206,-0.6907161136828509,-24.77012397507338,-68.58054268909528
111917.9184576703,-0.6953353731360444,-24.81985495525439,-68.44585196618567
112035.4740600343,-0.6903652284074158,-24.8927838245164,-68.35186997276463
112153.1531396739,-0.6925323026042149,-24.94866571257839,-68.7416308955334
112270.9558262861,-0.6970671934579963,-25.05348668986515,-68.72217069970094
112388.8822497045,-0.692351940822225,-25.08622359163459,-69.37675220727937
112506.9325398989,-0.6945147918023624,-25.1783284505589,-69.16804272142092
112625.1068269758,-0.6936231973975449,-25.26033599100851,-69.34647946705905
112743.4052411781,-0.6958979173014186,-25.31640561345922,-69.63784656033204
112861.8279128856,-0.7009138773994877,-25.42699570468151,-69.75229777127451
112980.3749726151,-0.6968871987531978,-25.42950367669985,-69.68920778660089
113099.0465510205,-0.6931969487839985,-25.52659773526074,-69.91077328405845
113217.842778893,-0.6906617794536569,-25.57251859806561,-69.70618605023769
113336.7637871609,-0.687256600055654,-25.68251326742088,-70.13649783892761
113455.8097068902,-0.6854771712870185,-25.7098186053785,-70.35503645348577
113574.9806692848,-0.6811789175695788,-25.76161453228742,-70.0729101848661
113694.276805686,-0.6786447125174431,-25.87622586521422,-70.47375964452097
113813.6982475733,-0.6791272228650616,-25.90610637392731,-70.85499866662212
113933.2451265642,-0.6797670211434825,-26.00576058970137,-70.49073037529331
114052.9175744145,-0.677323046706682,-26.05278101287352,-70.80559788381765
114172.7157230185,-0.6742379589269012,-26.13623539206968,-71.1054384312437
114292.6397044088,-0.6696536932168744,-26.22058397298945,-71.35298695202711
114412.6896507568,-0.670920348161486,-26.25667198575846,-71.12001627081194
114532.8656943729,-0.6712072656178282,-26.2865544628533,-71.33832589492488
114653.1679677061,-0.6667350586454478,-26.42499619476867,-71.68663656366812
114773.5966033449,-0.6671310388097254,-26.39165766937774,-71.54500996850986
114894.1517340168,-0.663933376848923,-26.58261706036309,-71.689272617383
115014.8334925889,-0.6683684670509751,-26.58785332284991,-71.80341691021806
115135.6420120677,-0.6636223432403392,-26.69976986322862,-72.2712639133582
115256.5774255996,-0.6620780947517573,-26.74677372412099,-72.29736312590069
115377.6398664705,-0.6626638445927628,-26.83154236265956,-72.51781280754227
115498.8294681068,-0.6599794855255314,-26.84506616728352,-72.23418468238069
115620.1463640747,-0.6623063503027465,-26.88693509072743,-72.54420786441263
115741.5906880806,-0.6608995655423717,-27.00274761596496,-72.60982892529555
115863.1625739718,-0.6581926725263003,-27.13189170235744,-72.64479324193456
115984.8621557357,-0.6609096147551375,-27.2178982860127,-73.11357812887218
116106.6895675007,-0.6574357222130902,-27.1964608304501,-73.32822232812745
116228.6449435361,-0.6573422222979525,-27.3500042374822,-72.9340924436604
116350.7284182521,-0.6558486840363984,-27.32737769651335,-73.46740002544404
116472.9401262002,-0.6544763717999581,-27.4318019870264,-73.27899545054834
116595.2802020731,-0.6533312579691775,-27.45256634929118,-73.4975562457707
116717.748780705,-0.6488507876691501,-27.52054765093527,-73.55669863257629
116840.345997072,-0.6513328709295958,-27.688282611457,-73.91980348187138
116963.0719862915,-0.6488836256821027,-27.73599782512978,-73.9566406533413
117085.9268836233,-0.6513318093514219,-27.75876460176476,-74.30417793509324
117208.9108244688,-0.645381984985932,-27.81401167213269,-73.97201962628947
117332.0239443721,-0.6516540984032749,-27.86431583769335,-73.89806911281003
117455.2663790193,-0.6457177361013711,-27.98010361214413,-74.46716551184019
117578.6382642393,-0.6460154689408877,-28.0669975753484,-74.63156675343888
117702.1397360034,-0.6484836216158739,-28.10763772412087,-74.77584310719976
117825.7709304259,-0.6486212347829254,-28.18397912657906,-74.85235808736164
117949.5319837641,-0.6428584102833332,-28.25367912271003,-75.12798073073941
118073.4230324182,-0.6446896570203042,-28.32585348521008,-74.82422275726873
118197.444212932,-0.6441675646577032,-28.37933929037956,-75.20979883891624
118321.5956619923,-0.6454098836906835,-28.41045158398514,-74.87540030566488
118445.87751643,-0.6447846168497424,-28.53421332510834,-75.40839004803428
118570.2899132192,-0.6473902786720166,-28.56019963862897,-75.15492115172944
118694.8329894783,-0.6508860985094705,-28.60541662266965,-75.58368602394285
118819.5068824694,-0.6471601688756128,-28.72030305187774,-75.34409577791243
118944.3117295989,-0.6515415131340774,-28.76492256478164,-75.77427491030642
119069.2476684177,-0.6507024217402991,-28.79318177090689,-75.4004987559895
119194.3148366209,-0.6506712367559224,-28.88056229043926,-75.87723896136328
119319.5133720483,-0.6447694511094898,-28.96949072324642,-76.05035502879076
119444.8434126847,-0.6405908791328009,-29.04763734780731,-75.48419601165813
119570.3050966595,-0.6374935643135654,-29.11425354248316,-75.59714036078722
119695.8985622475,-0.6362115833752319,-29.14716486916912,-76.71424227843816
119821.6239478685,-0.6350770977335731,-29.21940060465213,-76.21684119617851
119947.4813920878,-0.6361868654862342,-29.29711496349351,-76.61734963511299
120073.4710336163,-0.6337223854585143,-29.40438961424926,-76.54126999584548
120199.5930113105,-0.6282795276144891,-29.47897176098309,-76.96878090788265
120325.8474641728,-0.6291943663134442,-29.50650754539398,-76.66180404550187
120452.2345313516,-0.6277060777223396,-29.54704646922541,-77.12757049887794
120578.7543521413,-0.6269506084090324,-29.71069438292627,-77.40255694480513
120705.407065983,-0.6282356924522592,-29.72083053041075,-76.9217040549282
120832.1928124639,-0.6264012013907805,-29.77426433698911,-77.4750260616636
120959.1117313179,-0.6218956329927328,-29.88822092387877,-77.03772553657694
121086.1639624257,-0.6241140819236732,-29.87242452688063,-77.52008517760828
121213.3496458151,-0.6215188920147663,-29.96871786875319,-77.49276961985787
121340.6689216607,-0.6219938481620652,-29.97433376800984,-77.9948351898109
121468.1219302845,-0.6205034735055347,-30.14527118580111,-77.52281315586517
121595.7088121558,-0.6175950471479467,-30.17389889601536,-77.7095494684464
121723.4297078916,-0.6203838475813518,-30.28155520905855,-78.23928976876876
121851.2847582564,-0.622902457779048,-30.31015046800526,-78.38573073157188
121979.2741041627,-0.6175369742732023,-30.40711213633831,-78.26053807182429
122107.3978866709,-0.6185378965612321,-30.39734526372598,-78.19063171877383
122235.6562469897,-0.6153061211136778,-30.52819457847544,-78.03165427745179
122364.049326476,-0.6135109643857416,-30.5070418635973,-78.19997282729693
122492.5772666353,-0.6160474131155615,-30.66066797432597,-78.61801358590961
122621.2402091216,-0.6122008081973369,-30.69114593875856,-78.13647129893238
122750.0382957378,-0.6088696051314911,-30.84907069248177,-78.86137044022934
122878.9716684356,-0.612441008060146,-30.79034663838566,-78.56887151835998
123008.040469316,-0.6118583816246816,-30.91147389090434,-78.9410699067511
123137.244840629,-0.6107298913054084,-31.03784983335952,-79.10709050006467
123266.5849247744,-0.6115625736694694,-31.09390756944719,-79.40374585883593
123396.0608643012,-0.6092835826160513,-31.11777271264106,-78.90192553914515
123525.6728019083,-0.6079013848001494,-31.19375595935423,-79.39670772501256
123655.4208804445,-0.6111283601343548,-31.30347914861242,-79.19623506818742
123785.3052429086,-0.6087107007394064,-31.30643143438818,-79.77086248946136
123915.3260324495,-0.6084769105245322,-31.4007113969031,-79.55062095585683
124045.4833923668,-0.6060234879208306,-31.43569867602751,-80.18327948295808
124175.7774661101,-0.6056143278048799,-31.48906405090676,-79.93002102451293
124306.2083972802,-0.6070385987149167,-31.59818760501754,-79.4885528375159
124436.7763296285,-0.6040983432327151,-31.69646280976907,-79.99108898733107
124567.4814070572,-0.6124512840324093,-31.67244807804426,-79.91555192010426
124698.3237736199,-0.6108583810924924,-31.70098455141538,-79.86324157481609
124829.3035735216,-0.6102611547180182,-31.78476038647705,-79.62979421566071
124960.4209511185,-0.6118986598695267,-31.90683801748548,-79.50737830876901
125091.6760509185,-0.6159322766516097,-32.03920462993342,-80.45314084181568
125223.0690175814,-0.6136188011830477,-32.12600413490903,-80.46322251753976
125354.599995919,-0.6080235997801898,-32.16593935268186,-80.1249709683139
125486.2691308948,-0.605810553859767,-32.30259217369798,-80.05571476738224
125618.0765676252,-0.6060474049818553,-32.2112150831575,-80.66068006219825
125750.0224513784,-0.6017319421936084,-32.35870515415395,-80.99333780214289
125882.1069275756,-0.5974935832887478,-32.43311167483154,-80.04810598521985
126014.3301417907,-0.599266802312997,-32.43774922709247,-80.91350485269253
126146.6922397502,-0.5957693077384233,-32.57865750842295,-80.98629219379526
126279.193367334,-0.5934003208750152,-32.52562322736957,-80.47785577319198
126411.8336705751,-0.5917447836733203,-32.60398879682492,-80.91249181404193
126544.61329566,-0.5930623994626205,-32.74144568458351,-80.93604304903943
126677.5323889286,-0.5930296136574332,-32.9105153923946,-81.44540807046866
126810.5910968744,-0.5899820898835775,-32.91419179988222,-81.09490216426396
126943.7895661452,-0.5905788189516328,-33.00957831124774,-81.78997018473113
127077.1279435425,-0.5898332676190378,-33.00429038638705,-81.39750580813954
127210.606376022,-0.5882641981526441,-33.11967591198896,-81.51015383882608
127344.2250106938,-0.5861473733523891,-33.0940701648588,-81.44890762301374
127477.9839948227,-0.5885164305942548,-33.31101206680571,-82.07589804183738
127611.8834758279,-0.5848619691818463,-33.3208483699289,-81.47201975392991
127745.9236012836,-0.5859933626968332,-33.31292274252043,-82.3600447475193
127880.1045189191,-0.5861747222775211,-33.36790533909032,-81.37075206548683
128014.4263766186,-0.5872772110039687,-33.54198821877217,-82.40452586311358
128148.889322422,-0.5846505506752657,-33.66169771231728,-82.09881150321939
128283.4935045242,-0.5830964048358274,-33.55441281595233,-82.09671357754006
128418.2390712763,-0.5834581427870017,-33.76065056553122,-82.44541390355568
128553.1261711848,-0.5807427974420893,-33.7555815803883,-82.06547215742469
128688.1549529124,-0.5825263404600985,-33.84803372761463,-82.35403483055167
128823.325565278,-0.5800660445005914,-33.89033767198785,-82.68569826468101
128958.6381572567,-0.5803970003591544,-33.90156902056796,-82.56717928311829
129094.0928779801,-0.5791577835264444,-33.99889399152434,-82.43795269110933
129229.6898767364,-0.5819009249077257,-34.08824785238924,-82.499016450722
129365.4293029707,-0.5782913800701629,-34.1694963048931,-83.54322068656208
129501.311306285,-0.5773778209991488,-34.30560073658133,-83.02454380001214
129637.3360364385,-0.5765480709902953,-34.29412864453894,-82.7102212386954
129773.5036433476,-0.5783251807631247,-34.44896914813047,-83.10423474897914
129909.8142770864,-0.5766669349081439,-34.39542981064589,-82.60182555050454
130046.2680878863,-0.5750703407622455,-34.55581302141566,-83.31331389098949
130182.8652261368,-0.5762004271368856,-34.63440305955491,-82.44087986127499
130319.6058423851,-0.5751947220320774,-34.75839411772404,-84.26598071536549
130456.4900873369,-0.5793656962944552,-34.59181411379687,-83.64166333584529
130593.5181118557,-0.5784455886666814,-34.69954129793769,-83.26780342143411
130730.6900669639,-0.5798691742493821,-34.67447278420049,-82.86928283661547
130868.0061038423,-0.5815903514668613,-34.86693147339422,-82.69190130083291
131005.4663738306,-0.5809078365761889,-34.99322408529019,-83.63184628942332
131143.0710284274,-0.5821397867782265,-35.01293104099718,-82.73161183457273
131280.8202192905,-0.5859877380055466,-35.10497522038364,-83.55770695213698
131418.7140982368,-0.5804862126701058,-35.11345086826412,-83.41915118863719
131556.7528172429,-0.5763071604821569,-35.24493209367129,-83.25888548731194
131694.9365284449,-0.5759658983756391,-35.30666838967949,-84.00940911390506
131833.2653841389,-0.5727058987709219,-35.35666141296643,-82.83437653089943
131971.7395367806,-0.5719997601652789,-35.48183519438302,-84.02461153275692
132110.3591389862,-0.5690300849325327,-35.45846607673986,-83.84049503351147
132249.1243435319,-0.5692276302656717,-35.4430560435526,-83.83014949491701
132388.0353033547,-0.5673931707544703,-35.70442965104634,-84.64303366879085
132527.092171552,-0.5614575858162338,-35.67624993794618,-85.12327741645792
132666.295101382,-0.5659807099413751,-35.98997788700547,-84.95594730127164
132805.644246264,-0.5626758528671801,-35.82422360023643,-83.97020206017226
132945.1397597784,-0.5613019805085849,-35.98254391508778,-84.3876081569388
133084.7817956668,-0.5631508879419964,-36.06742630283403,-83.65515689698395
133224.5705078327,-0.5632765880450821,-36.1835167281729,-84.26363425913195
133364.5060503407,-0.5619113531266079,-36.20888797006896,-83.94893123732982
133504.5885774175,-0.5607585767682837,-36.04727124267228,-84.73593252444468
133644.8182434519,-0.5580329073169006,-36.09208793687734,-84.71893949627204
133785.1952029947,-0.5610466644585237,-36.27952638263612,-85.36359337676654
133925.719610759,-0.5615719311220531,-36.28707142465007,-84.53732518745031
134066.3916216206,-0.5615058576743197,-36.51534895385127,-84.67934357984434
134207.2113906178,-0.5579732339432406,-36.66016158330971,-85.26788748222606
134348.1790729518,-0.559922786004619,-36.51784521940169,-84.36242081888287
134489.2948239868,-0.5582773260158738,-36.45464305291715,-85.2999872103712
134630.5587992503,-0.5583692929452384,-36.75439749452041,-84.68747635052917
134771.9711544331,-0.5582923385612402,-36.82488727621917,-84.3456931156658
134913.5320453895,-0.5563614216509578,-36.9253242948519,-85.50600667275253
135055.2416281375,-0.5574092655459375,-36.91948029878876,-85.88702552704233
135197.1000588589,-0.5557329466363796,-37.09717750395818,-84.8794399671998
135339.1074938998,-0.5568263513272201,-37.07904554098632,-84.59353124103525
135481.2640897704,-0.553420925355635,-36.9025968033547,-85.0157519220442
135623.5700031451,-0.5564406031552196,-37.10542445009182,-85.09783375492066
135766.0253908631,-0.5522701033465063,-37.37020635899459,-84.79015377308266
135908.6304099284,-0.5544505979761751,-37.31827720373823,-84.45530627429167
136051.3852175095,-0.5510665501615033,-37.18053508596346,-84.03583490441704
136194.2899709406,-0.5530722613771056,-37.26391993306984,-85.35579506794625
136337.3448277206,-0.5552789592977174,-37.50476001738089,-84.30747183051943
136480.5499455141,-0.5529736430082285,-37.37375776719095,-85.27214128852673
136623.9054821513,-0.5530890466725725,-37.76121671205541,-84.79794015667875
136767.4115956282,-0.5549837925911038,-37.66382849024481,-85.17036245379245
136911.0684441067,-0.5572281437183227,-37.76064257573363,-86.72345719167909
137054.8761859147,-0.5567965883079664,-37.83062297516874,-85.7326325309884
137198.8349795467,-0.5589647953577621,-37.76831611433988,-85.68818178484042
137342.9449836633,-0.5632233203143876,-38.08720353101317,-86.63540735410974
137487.2063570922,-0.558824066459045,-38.0970005999309,-86.79501965715681
137631.6192588276,-0.55476459696626,-38.13739749279934,-85.45231452044813
137776.1838480309,-0.5569901735802597,-38.04599089629998,-85.76552725939072
137920.9002840304,-0.5491607645987735,-38.39822949705614,-86.02422412406771
138065.768726322,-0.5478489445336248,-38.490424456413,-85.76143740605187
138210.789334569,-0.5488766682894417,-38.21984931993505,-86.35240055577327
138355.9622686027,-0.5455270840092541,-38.46196499423245,-86.09040880785632
138501.2876884218,-0.5439138306732936,-38.60202359173174,-87.69709766311435
138646.7657541934,-0.5461555641196824,-38.52796546771005,-86.05175693586222
138792.3966262528,-0.540073246895803,-38.43024734727226,-86.5765135771198
138938.1804651036,-0.5410552713629253,-38.67617580645475,-86.43265455058366
139084.117431418,-0.5392445578990539,-38.73228821588692,-86.44236928939699
139230.2076860371,-0.5403171751818319,-38.91037730319959,-86.03727586043314
139376.4513899709,-0.5384660553886884,-38.90052408650821,-85.81866419276687
139522.8487043983,-0.5384874686333099,-39.08987297401483,-85.74909358699499
139669.3997906678,-0.5372132592513994,-39.1636918629795,-84.53608304860654
139816.1048102973,-0.5373211176797328,-39.23906504878548,-87.49356439773277
139962.9639249741,-0.5397127025170065,-38.91345733584082,-86.60089361381954
140109.9772965557,-0.5391270061645588,-39.4554553825044,-85.29154524176542
140257.1450870694,-0.535845409789943,-39.73947662631641,-86.53456532474982
140404.4674587128,-0.5389727328805103,-39.50381598236739,-85.36988943401815
140551.9445738537,-0.5396100531326684,-39.63788057551564,-83.17171255005849
140699.5765950306,-0.5342194765974474,-39.75713087771858,-83.95732986258517
140847.3636849527,-0.5363846878820639,-39.84623010363914,-84.23165929272272
140995.3060065,-0.5358335044843238,-39.65520858480814,-85.86278486075734
141143.4037227238,-0.5346542847127216,-39.91245670632055,-84.86627578374942
141291.6569968464,-0.5331469561032782,-39.84819783613102,-84.76802658089187
141440.0659922617,-0.5363297578434054,-40.09277355055435,-85.42702692842795
141588.6308725353,-0.5301008187887087,-40.12171613512768,-85.88546396704612
141737.3518014044,-0.532713429681842,-40.29169656798611,-84.8603786131163
141886.2289427784,-0.534646153152296,-39.99566645119003,-85.2006428069061
142035.2624607386,-0.5331558892546048,-40.39610048311499,-85.12752744212132
142184.4525195389,-0.5315150051873458,-40.31971751991904,-85.61387544863021
142333.7992836056,-0.5280331769054445,-40.62319635146942,-83.64678515081833
142483.3029175378,-0.5330528764778526,-40.42223776914648,-85.21920935667667
142632.9635861074,-0.5337727046824399,-40.32101562987815,-85.69010548829613
142782.7814542594,-0.5341759658415108,-40.64129079662963,-81.7557594087897
142932.7566871119,-0.5369945628844983,-40.49015441082153,-85.04314980947683
143082.8894499569,-0.5358669074673656,-40.7871794636028,-84.58557316257904
143233.1799082596,-0.5382009893688806,-40.75313902224465,-84.52440157254227
143383.6282276589,-0.5429844862691326,-40.87242615863025,-85.01877951053723
143534.2345739682,-0.5445447526666227,-40.90338365123061,-84.643284590608
143684.9991131746,-0.5404115092038043,-40.85794236293516,-86.05190185826535
143835.9220114396,-0.535499503042662,-40.91306674296079,-84.91507800889677
143987.0034350996,-0.5327431222993966,-41.1774876549227,-84.41765798657383
144138.2435506652,-0.5283778586669617,-41.26709417845777,-86.58285173344157
144289.6425248224,-0.5266703636067619,-41.11932600821495,-86.45148945208193
144441.2005244319,-0.5244882739759343,-41.42181208005923,-85.34161686290901
144592.9177165297,-0.5257449363062696,-41.52234652074695,-85.22045803893684
144744.7942683275,-0.5246613005804626,-41.75472728692352,-86.1033945044733
144896.8303472125,-0.5250188819753192,-41.27077021579589,-85.93411336144887
145049.0261207477,-0.5230633096311514,-41.54826163866276,-87.4394912352371
145201.381756672,-0.5223445894035474,-41.54366211375652,-84.79469289927688
145353.8974229007,-0.5218718799349524,-41.69618918514868,-85.6835025294962
145506.5732875253,-0.5200826438423757,-41.98351750369977,-84.00791354465284
145659.4095188139,-0.5237825300394368,-41.98499634080616,-85.66384903100231
145812.4062852116,-0.5235023288998172,-41.84564647373067,-86.38121482000099
145965.5637553399,-0.5211504352660258,-42.07463601433957,-84.32518027226598
146118.882097998,-0.5195685524194794,-42.47431841310991,-84.78226434038348
146272.3614821619,-0.5199716848885753,-42.39397900155204,-82.3800791865404
146426.0020769854,-0.5189607421783206,-42.49614117823952,-82.39721694355788
146579.8040517999,-0.5207498717442659,-42.28369881548828,-84.76339248546036
146733.7675761147,-0.5173388703740146,-42.48483290721034,-85.0816921308365
146887.892819617,-0.5198057913748754,-42.76056490974555,-82.5509223465979
147042.1799521723,-0.5155985106685609,-42.71458615330896,-83.65010972007603
147196.6291438247,-0.5181772782811885,-42.58361651338446,-84.93378114890993
147351.2405647966,-0.5176916154550816,-42.91309466178468,-84.58063286536304
147506.0143854894,-0.5168204341681722,-42.85158286815562,-84.77736042639789
147660.9507764835,-0.5183372767526567,-42.85335747217768,-86.06062636748987
147816.0499085385,-0.5147100917200457,-43.10392524917337,-85.7688361125378
147971.3119525931,-0.5188668291359411,-42.74937931722265,-82.85327879555348
148126.7370797657,-0.5162540601674548,-42.95529203283043,-85.39773975376016
148282.3254613547,-0.5192424775467128,-43.44557015456489,-84.14853183465476
148438.077268838,-0.5149264870633135,-43.31812792767024,-84.97158819184527
148593.9926738739,-0.5211595332099392,-43.28366152384728,-84.16693268768637
148750.0718483008,-0.5163672427472082,-43.18574958347632,-81.6226085843623
148906.3149641379,-0.5155436426603673,-43.7150209779677,-84.02964645736836
149062.7221935847,-0.5172187881914901,-43.93758838980564,-83.07540157482855
149219.2937090219,-0.5220227394975808,-43.86921096147191,-86.29596052331634
149376.0296830111,-0.5278154059146359,-43.70562987747654,-84.61011969345563
149532.9302882951,-0.5281914923462373,-43.83125659293416,-81.50062903710484
149689.9956977983,-0.521513965099932,-44.07088631081407,-84.25613493291775
149847.2260846267,-0.5194104755510989,-44.0399218859726,-83.75827124356022
150004.621622068,-0.5176228088043466,-44.1186722221827,-85.50296573624465
150162.1824835921,-0.5126107241356715,-43.67576543275977,-85.14650642423496
150319.908842851,-0.5149256586446911,-43.99013664867554,-85.49953853871676
150477.800873679,-0.5110568446848944,-44.1369089193098,-81.665795889788
150635.8587500933,-0.5109419517357783,-43.9242672240766,-84.12860300466251
150794.0826462935,-0.5087801082812682,-44.34317090351438,-83.30467843119106
150952.4727366625,-0.5087717210719591,-44.58402727101557,-83.76083697707054
151111.0291957662,-0.5097439931526312,-44.77418049351748,-82.56335063785866
151269.7521983538,-0.5060809904103362,-44.66183610307851,-83.79562814839917
151428.6419193583,-0.5061706217855901,-45.02268111230484,-83.82141486283524
151587.6985338961,-0.5070934610211028,-44.7573199829763,-84.05773102381573
151746.9222172679,-0.5055638488926029,-45.00439197853167,-82.74872163342707
151906.3131449582,-0.5057065830753545,-45.1638444805569,-82.5084969013775
152065.8714926361,-0.5041981180387054,-44.96383172740077,-83.01242977801496
152225.5974361551,-0.5044430724956556,-44.76840080128106,-82.20442316959533
152385.4911515533,-0.5072947217620792,-45.28127379334484,-83.87005180996033
152545.552815054,-0.5046773838394601,-45.29096157654984,-78.70170010845877
152705.7826030652,-0.5047801967275972,-45.38777189181892,-83.89571065071942
152866.1806921806,-0.5062884822084053,-45.15547955540971,-82.74541686845225
153026.747259179,-0.5055413168214071,-45.07127840580297,-83.46210795023418
153187.4824810252,-0.5026611037985935,-45.37403483492844,-84.77868275510011
153348.3865348699,-0.5038135927712304,-45.651821825059,-79.81035208278368
153509.4595980495,-0.5021568855222032,-45.29655615067043,-79.77140114604855
153670.701848087,-0.5026093106002867,-45.93352246855506,-82.11374788954566
153832.1134626917,-0.5029234365999022,-45.00523261754367,-81.27899161903677
153993.6946197598,-0.5020900667236964,-45.91873797043177,-81.23763608640968
154155.4454973741,-0.5014486982924899,-45.47902148779463,-81.63508889437099
154317.3662738045,-0.501955243319716,-45.542115269475,-79.53298082202352
154479.4571275083,-0.5013916698794521,-45.97577578543536,-80.5159731029502
154641.71823713,-0.5026525172580474,-46.16661837083682,-83.06680182358448
154804.149781502,-0.5035716995213555,-46.17580671779761,-80.83477816148361
154966.7519396444,-0.5059885247392708,-46.51983060141841,-81.1620552353366
155129.5248907653,-0.5095568111263507,-46.38552183598564,-82.23176755463368
155292.4688142611,-0.5121963419673745,-46.49871077109982,-81.42539050440098
155455.5838897168,-0.5128076987892204,-46.52243325618233,-81.3502846815515
155618.8702969057,-0.5141428919793962,-46.35459662058295,-79.25881805543719
155782.3282157901,-0.51153714722481,-46.94655511666217,-77.33820688477114
155945.9578265213,-0.5073123554969682,-46.80538812016457,-78.77440673178263
156109.75930944,-0.5037937803611269,-47.47848457258073,-79.94073362063061
156273.732845076,-0.5018665106582627,-47.81219847657347,-80.18279676206637
156437.878614149,-0.5033193454675842,-47.12443440495605,-79.33803383849045
156602.1967975683,-0.4983658528547912,-47.03315837210855,-79.03751622526097
156766.6875764335,-0.4962862721716249,-47.551999839687,-79.30721034523896
156931.3511320342,-0.4993041787561252,-47.50759768044099,-81.33068805657597
157096.1876458504,-0.4942856029686993,-46.85197859351008,-78.79482257825032
157261.1972995529,-0.4955410384910333,-47.19239563314548,-78.43637931834462
157426.3802750032,-0.4932614732110085,-46.91205377410428,-80.92794311420823
157591.7367542538,-0.4956123039632381,-47.45355059476825,-83.33428771305364
157757.2669195486,-0.4939172279275864,-47.46891443821071,-77.58743690885655
157922.9709533226,-0.4937639146688699,-47.73011508506702,-79.5965638640269
158088.8490382028,-0.4955769086173468,-48.07215130014161,-80.59297836956875
158254.9013570078,-0.4958830729917841,-47.57791918753544,-76.25144098174133
158421.1280927483,-0.4976574308527988,-47.84770827439051,-77.7176448879887
158587.5294286271,-0.4919578548622658,-47.90868958191141,-81.82411493295041
158754.1055480397,-0.4929794721161104,-47.95762771235398,-81.03101582710816
158920.8566345739,-0.4891410023041471,-48.26176082945534,-76.7678763091607
159087.7828720106,-0.4938637296219048,-48.64172095109529,-80.54111572028478
159254.8844443237,-0.490262372934829,-48.53851060701495,-77.76056853770493
159422.1615356801,-0.4932548030516908,-48.13623796569934,-76.76796822167171
159589.6143304406,-0.4895811192028937,-48.07257993607649,-77.65156472800601
159757.2430131591,-0.4934642536511864,-48.62731378689674,-78.25430251076307
159925.0477685838,-0.4917063125528922,-48.73122130530406,-78.29458343156625
160093.0287816568,-0.4917700032234369,-48.78684020086375,-74.84405014391862
160261.1862375143,-0.4932062343422886,-48.32148193609639,-73.73704489767401
160429.5203214872,-0.4907782309145369,-49.49157557432837,-79.03336753555337
160598.031219101,-0.4907754908735341,-49.43557874531202,-73.83547276357423
160766.719116076,-0.4873093762832961,-49.09011295040264,-72.73726521318085
160935.5841983276,-0.4909073912222071,-49.4333772366091,-75.02212683343711
161104.6266519665,-0.4947804076884819,-49.28619442998594,-77.73870227529125
161273.8466632989,-0.4988469083865409,-48.87575365236422,-73.16287785753929
161443.2444188267,-0.4950928696526541,-49.01523513322705,-81.43357163065858
161612.8201052477,-0.5039125967326258,-49.23486842764252,-74.17198843966762
161782.5739094556,-0.5026469064630337,-49.88920612271595,-74.64694290052073
161952.5060185408,-0.4994289666261291,-49.21541289341809,-75.53156941739843
162122.6166197898,-0.4964598594004254,-49.63077649193339,-73.16059481249732
162292.9059006862,-0.4910136163484194,-50.35323779410311,-76.56968322253184
162463.3740489102,-0.4896191043523317,-49.73954884782238,-74.07234851008516
162634.0212523394,-0.4881375753250524,-49.88127597573622,-75.25107074736741
162804.8476990486,-0.4864461165413159,-50.03288867706053,-75.04975138937914
162975.85357731,-0.4854106811978082,-49.79032163468006,-72.9347335361166
163147.0390755939,-0.4887215595123885,-49.53793605244673,-72.92857997652314
163318.4043825684,-0.4825696895354693,-49.32414340540763,-73.31140567347219
163489.9496870997,-0.4852585887350348,-49.76075404234538,-71.72491270467015
163661.6751782524,-0.4865173291864675,-50.52420245080265,-74.55410473335405
163833.5810452898,-0.486045696283795,-49.86205490027262,-69.82664636837811
164005.667477674,-0.4846136211631729,-50.13521182114993,-71.18210768379822
164177.9346650658,-0.4828485871544042,-50.95825070402831,-69.10692949681072
164350.3827973257,-0.4828562013849008,-51.30939054124924,-70.39138064229664
164523.0120645132,-0.4837816676131446,-51.17747392296587,-65.60357856494802
164695.8226568877,-0.4820543275562405,-49.67409731391375,-69.0020068799429
164868.8147649084,-0.4838319487374004,-51.42082108457343,-75.67009367702099
165041.9885792343,-0.4835420335838744,-50.48494038905907,-70.71212134368227
165215.3442907251,-0.4833764410493502,-50.77454837249755,-69.96753500961131
165388.8820904405,-0.4809690761254907,-51.02105052404522,-71.91704022287219
165562.6021696414,-0.4802049786311872,-50.84805234014398,-66.86369985241441
165736.5047197891,-0.4825402671857004,-51.96745276485251,-71.46587249016922
165910.5899325463,-0.4815740657837344,-51.01919375294795,-68.54678607508346
166084.8579997769,-0.4813861875065239,-51.04020881914758,-68.23187113533211
166259.3091135465,-0.479922860970925,-51.88021118207578,-71.20682794707807
166433.9434661222,-0.4829147017517373,-50.867900268863,-69.61060326949256
166608.7612499731,-0.4796872308329231,-51.21625621006076,-65.66186165720256
166783.7626577707,-0.4804443841143443,-51.21089460558068,-71.80405660032578
166958.9478823887,-0.4833081035964886,-52.50267189711789,-73.85868010487549
167134.3171169032,-0.4836461702036727,-51.6855238353053,-72.77585565197167
167309.8705545934,-0.484430008278583,-51.88706228764818,-62.35638153894418
167485.6083889415,-0.4899896470098709,-51.94942047341378,-64.49837405739733
167661.5308136328,-0.4901227224889396,-52.51421057743304,-62.37527444206448
167837.638022556,-0.4967328670273177,-52.36584402347888,-67.5044405897527
168013.9302098036,-0.4912338420103655,-51.9444448654292,-66.08408438465028
168190.4075696719,-0.4862640573338453,-51.46258524058148,-69.06468147978809
168367.0702966613,-0.4856637872575919,-51.95888519259778,-64.15071148950717
168543.9185854764,-0.4792636956308494,-51.94432450763934,-60.87146902706722
168720.9526310266,-0.4806893130653651,-52.61268029597777,-61.15850682779043
168898.1726284256,-0.4768547129051366,-52.00640934507071,-62.13107642481225
169075.5787729925,-0.4766306516758492,-51.7755606577535,-62.65245303719007
169253.1712602512,-0.4748548553762704,-52.10766050515522,-64.36586341908504
169430.950285931,-0.4796679657509394,-51.86739209724206,-61.16657374823946
169608.9160459671,-0.4757120913006301,-51.43560740339933,-62.11630887007016
169787.0687365002,-0.4767356623368276,-52.75518177535592,-59.94853570565284
169965.4085538771,-0.4756551990948796,-52.40106695564975,-59.28837019350263
170143.9356946509,-0.4772312237583964,-53.58179209735968,-58.61106419845112
170322.6503555811,-0.4736771704858952,-52.25082709380162,-58.51364686981691
170501.5527336339,-0.4754792747857764,-53.07885498061655,-60.96916794998528
170680.6430259823,-0.4751484397571683,-53.03780294613293,-58.00189852882787
170859.9214300065,-0.4729118936427515,-52.88870579865385,-53.58787644997761
171039.388143294,-0.4764243259993103,-53.16934346753885,-64.46512484003972
171219.0433636399,-0.4747290139068872,-53.11361853268362,-64.03833073792607
171398.8872890469,-0.4760287711834348,-52.69533619294313,-52.26734670850567
171578.9201177258,-0.476141163064534,-52.83074967737292,-61.6331517743746
171759.1420480956,-0.4750863486087606,-53.0201258050684,-55.20758211898838
171939.5532787837,-0.4752271619540683,-53.30507440779952,-53.98721187445764
172120.154008626,-0.4733304317778833,-53.02449553137409,-60.29541549291788
172300.9444366675,-0.4738265549242587,-53.79152089648465,-54.98398597514739
172481.9247621621,-0.473835061678878,-52.92123252179187,-56.29586650965061
172663.0951845731,-0.4740203401227463,-54.62089491221529,-58.54407452098559
172844.455903573,-0.472963431665311,-54.09153207807555,-53.69954709975472
173026.0071190445,-0.4768626348882266,-53.32898357436389,-52.14806548726926
173207.74903108,-0.4772684571519336,-53.99942111886234,-58.08220203340929
173389.681839982,-0.4773876037423768,-53.67167815447981,-55.33737316368945
173571.8057462636,-0.4773146250371854,-53.71869343090989,-47.06855894725649
173754.1209506482,-0.4840288151954394,-54.00515963024814,-56.15243512863134
173936.6276540705,-0.486508081676859,-54.7361500457873,-47.65999250119536
174119.3260576758,-0.4807421518868268,-54.48684202131354,-49.55270179334087
174302.2163628209,-0.4785913028935626,-53.50324351464755,-50.09477942397224
174485.2987710742,-0.4765424742166461,-54.80331500331118,-50.42643421809458
174668.5734842155,-0.4759037241831157,-53.53994593351555,-50.70564478467642
174852.0407042369,-0.4714707684069654,-53.47508694059041,-45.75362213928348
175035.7006333424,-0.471487060455194,-54.7314745332303,-47.51560194818498
175219.5534739485,-0.4701510872022094,-55.67133912934154,-44.73384803817498
175403.5994286843,-0.469067416882336,-54.99309304855737,-52.14800469849931
175587.8387003918,-0.4693412739453956,-53.75322664217086,-50.77831806936981
175772.271492126,-0.4684340211560562,-55.22278276072349,-48.45884791830031
175956.8980071552,-0.4676786119718453,-55.41829969797998,-40.485141341348
176141.718448961,-0.4679091064123367,-54.38650573549548,-48.30423055795708
176326.7330212392,-0.4676208154383171,-55.02669334561403,-49.8825979328859
176511.9419278991,-0.4684575714307618,-54.24130163091444,-44.40069967825694
176697.3453730644,-0.4703646000334087,-54.78870658078244,-41.50494158560151
176882.9435610732,-0.4681232892399884,-54.93334724709203,-40.39360602555564
177068.7366964781,-0.4660295586974421,-54.30396224174616,-41.6505957034959
177254.7249840468,-0.4690258580732123,-54.67404056867407,-48.72910613866356
177440.9086287619,-0.4672918117539872,-55.05389280089537,-48.43071332265468
177627.2878358213,-0.468581069650937,-55.03577034412244,-46.28435849346324
177813.8628106385,-0.4692051277793932,-54.77134957658678,-44.4949085131052
178000.6337588427,-0.4670506626473822,-55.71197015856704,-38.06115659482187
178187.6008862792,-0.4696657658492181,-54.65670575815671,-39.2450889412508
178374.7643990095,-0.4655230774954944,-54.43849956304268,-42.44222309482473
178562.1245033113,-0.4670720227865039,-55.34250516091106,-48.78531746874904
178749.6814056792,-0.4672506041820793,-56.93223152284525,-42.17801975770115
178937.4353128248,-0.4677288679924347,-55.32621522456458,-34.64191529485807
179125.3864316765,-0.4669289921683342,-57.12003804347773,-39.09490019125241
179313.5349693804,-0.4682118533076297,-54.68682924313612,-43.4911433310378
179501.8811332998,-0.4689710871935274,-55.73141898589965,-44.24489380700641
179690.4251310162,-0.4743135285049039,-55.29959398103387,-32.16106785511917
179879.1671703289,-0.4748825356768499,-55.5307037454486,-31.8893624136013
180068.1074592555,-0.4786107267077264,-56.46162927856879,-39.76621085651388
180257.246206032,-0.4768975020171407,-55.07570091439833,-38.01630435839982
180446.5836191135,-0.4722311932787566,-56.09604640113324,-34.18980565937481
180636.1199071736,-0.4679131873020149,-54.00321534882181,-37.09549793914641
180825.8552791053,-0.4673669990462861,-54.35371679169349,-33.14202892107881
181015.7899440211,-0.4663133883907114,-54.62006441259034,-38.98312089422228
181205.924111253,-0.4658100027648727,-55.72901425839451,-40.00037724333701
181396.2579903528,-0.4617262836197968,-55.73250560961552,-36.39327101264128
181586.7917910927,-0.4641138302478928,-56.63525988881875,-36.96491072796555
181777.5257234651,-0.4614003408343469,-54.85230503939078,-32.92716036580759
181968.4599976828,-0.4626058150703138,-57.2262094466648,-37.86313786249694
182159.5948241795,-0.4636742614507477,-55.21271504617992,-26.3884986640652
182350.9304136102,-0.463306131418965,-55.07473345327122,-32.71627658435383
182542.4669768507,-0.4630727535263978,-56.33525903399495,-37.47491337771885
182734.2047249987,-0.4586253392976114,-54.42319857743097,-30.33724111793897
182926.1438693734,-0.4634696676866863,-56.25583907165739,-31.09893080169968
183118.284621516,-0.4636286538602141,-55.14039434552525,-28.20533451954719
183310.6271931901,-0.4613575819651392,-56.02623132548143,-25.65950056108102
183503.1717963814,-0.4609926615973974,-55.37372659970484,-26.10673885777133
183695.9186432984,-0.4617791623712769,-56.63904739789778,-24.77669776735851
183888.8679463727,-0.4596595792393596,-57.04496228897717,-25.0167773300218
184082.0199182587,-0.4624901252103608,-54.61820670509717,-21.76082094708053
184275.3747718345,-0.4578090150972535,-57.09985475575632,-35.9159011867758
184468.9327202014,-0.4595552337313655,-55.98448293010438,-19.68175979292163
184662.6939766849,-0.4622168746789335,-56.10858131010498,-27.06936512512223
184856.6587548344,-0.460474283913599,-55.25900425266462,-28.93011835927553
185050.8272684237,-0.4612198786834034,-56.28796061990207,-23.01839984661749
185245.199731451,-0.4614478368457829,-57.19127727711402,-24.55818459288005
185439.7763581394,-0.4646884675888142,-56.49155021148868,-16.45081210963027
185634.5573629369,-0.4639859667372656,-55.64225759605165,-21.09277557399847
185829.542960517,-0.468706882287271,-56.73224217737224,-20.32559852439624
186024.7333657783,-0.4739402271208242,-54.98626448682938,-14.00023792887076
186220.1287938455,-0.4742739988865485,-56.37210445213878,-22.03438142597995
186415.729460069,-0.4718786468639122,-55.6460113979709,-21.33558117147453
186611.5355800256,-0.4641121866119466,-56.01219365807987,-12.75962957222234
186807.5473695183,-0.4640492960453881,-57.47425813759368,-28.6677294841794
187003.765044577,-0.459598177884423,-56.08748104963961,-17.34635102089592
187200.1888214585,-0.4594169385495828,-55.63511684958365,-25.68570429526724
187396.8189166464,-0.4607204090629377,-56.71897253495387,-12.62606215558939
187593.6555468522,-0.4596628484503713,-56.18788412669059,-17.86630304472217
187790.6989290147,-0.4598741383596147,-55.58141291229444,-22.17585191324419
187987.9492803006,-0.4593629918752074,-56.5601997673134,-16.80292986009362
188185.4068181048,-0.4580253604870782,-55.44986299322779,-25.02165889297939
188383.0717600506,-0.4580657346421735,-55.53427527191044,-12.89582505921385
188580.9443239897,-0.4597394335578945,-56.54497246128262,-15.57134302538942
188779.0247280027,-0.4568203864723586,-54.7490714860841,-14.28790679696112
188977.3131903993,-0.4580880292688888,-56.35657528493996,-22.57727024820476
189175.8099297184,-0.4549922777845355,-56.95469088595358,-15.61473953971266
189374.5151647287,-0.4560933526836054,-55.64479030957231,-18.56865098654738
189573.4291144285,-0.4577128000756343,-55.39275601170012,-12.45850911524558
189772.551998046,-0.4564421372878238,-55.13514756229917,-8.318878379244339
189971.88403504,-0.4571055958568445,-57.01116905396294,-15.58960277985797
190171.4254450996,-0.4570646403296593,-56.92060083105625,-20.19222338710952
190371.1764481446,-0.4560399190147499,-56.63276486433255,-11.68289551739728
190571.1372643259,-0.4574451632156106,-55.68418794649347,-6.986336703617525
190771.3081140258,-0.4558632710420862,-56.50703487275693,-17.49633920115978
190971.6892178577,-0.4563736894193942,-56.84743387180863,-16.78157787226064
191172.2807966671,-0.4584370060663267,-55.86275247283002,-11.08044361172929
191373.0830715313,-0.4558468688996041,-55.12589373444431,-13.80998384404411
191574.0962637597,-0.4591569109921091,-56.45506242436535,-17.71365469214924
191775.3205948944,-0.4616419115376619,-56.3908126880422,-8.379167679434332
191976.7562867101,-0.4646754020816201,-55.58890729938769,-8.365843142951286
192178.4035612144,-0.4707466033253487,-55.35796275421298,-5.461725025886061
192380.2626406481,-0.4663638277435088,-55.11479180745199,-5.854897055068164
192582.3337474854,-0.4647838832021505,-57.3581902032594,-6.558870507448553
192784.6171044344,-0.4602527991919585,-55.23303326552788,-8.936509301787325
192987.1129344369,-0.4581869110621036,-55.51058831109557,-7.467346862809791
193189.8214606689,-0.4547646809287035,-55.95545854755884,-1.324223184066824
193392.7429065408,-0.4580249510286197,-55.2173481441047,-11.19266715897447
193595.8774956979,-0.4527017330139597,-55.42619829203505,-6.098216618008934
193799.2254520202,-0.4549430150777273,-55.85051152699351,-13.06730615782457
194002.7869996227,-0.4538200887691837,-55.74301539823088,-9.343263994195198
194206.5623628562,-0.4534930387620297,-55.49855013450723,-9.382656306096125
194410.5517663068,-0.4537650060574357,-55.50916429951115,-9.47945202772749
194614.7554347967,-0.4521018930767143,-56.05087730915673,-9.809618558289046
194819.1735933843,-0.4518327308638121,-55.32937290474379,-0.9952403779540191
195023.8064673642,-0.4521958490957094,-55.60874066870082,-2.271220151488329
195228.6542822676,-0.4540049964434315,-55.36144527946868,-10.62853084396363
195433.717263863,-0.4552548214003814,-54.90397205065535,-10.36342832791334
195638.9956381556,-0.4576000752630149,-54.93055436133374,-13.9845598123839
195844.4896313881,-0.4534091472220572,-54.53713917280167,-1.432035149366234
196050.199470041,-0.4526315457154246,-55.61902861137459,-8.773566089686916
196256.1253808326,-0.4532564746810713,-54.21562118500251,-8.051103325478536
196462.2675907192,-0.4529015958917762,-55.79467187229739,-1.566216185247811
196668.6263268958,-0.4496494910191923,-55.49319362108749,-9.111971997977648
196875.2018167957,-0.4527454697046254,-56.20285126337363,-11.64439599769526
197081.9942880913,-0.4512207721727639,-55.54896186999099,-7.319109844877218
197289.003968694,-0.454962625105734,-55.90142428637526,-3.948284138790001
197496.2310867547,-0.4540436012720275,-55.64312736497011,-4.395745543506763
197703.6758706641,-0.4531739136964198,-56.83097685125496,0.9441448145866218
197911.3385490524,-0.4526836259691189,-55.3007158051704,4.360314083827603
198119.2193507902,-0.4541945167034118,-56.91051175494713,-2.787617903583794
198327.3185049885,-0.4534513878687149,-54.87225257162864,2.704177419753515
198535.6362409989,-0.4508226165823448,-55.65640565431097,4.761334300036253
198744.172788414,-0.4521570543854724,-54.53450568331944,0.4188577529846924
198952.9283770673,-0.4532143966518437,-55.33927445611,4.738716752752518
199161.903237034,-0.4564492037946825,-54.91513251941144,1.171583055235487
199371.0975986309,-0.4530469947166026,-53.94154119682732,-2.459714966789221
199580.5116924165,-0.4542055965816269,-54.44353044014611,7.40288670333635
199790.1457491918,-0.4575408674224347,-54.71416452908581,10.48454697131532
200000,-0.4578250026611869,-56.78686230468958,-2.881479486146723
