70000.00000000001,-0.8884407805669827,94.68768723376658
70073.52613664449,-0.8873790094519317,94.19094426509611
70147.12950318567,-0.8864854528477721,93.74696524640206
70220.81018074379,-0.8898596597190932,93.29301447671327
70294.56825052429,-0.8883820882869726,92.83320317163123
70368.4037938179,-0.8926103730506789,92.39007145277407
70442.31689200072,-0.8931444804608001,91.93981367123399
70516.30762653434,-0.8945681303824664,91.49275873402362
70590.37607896596,-0.8954324142719478,91.04490310492348
70664.52233092833,-0.8969570778370191,90.58597456907242
70738.74646414004,-0.8985938480888965,90.13941011830346
70813.0485604055,-0.9013800939399996,89.68265428343149
70887.42870161498,-0.9011015244965588,89.23335055465873
70961.88696974484,-0.9040063490478156,88.77324339602637
71036.42344685752,-0.9062920376498624,88.31502014961978
71111.03821510162,-0.9075436207266229,87.85844788383491
71185.73135671212,-0.9114420100851059,87.39292671316866
71260.50295401026,-0.9140787501583593,86.91203946041136
71335.35308940383,-0.9171142226798862,86.4649373953268
71410.28184538717,-0.9189079548186098,85.99374014380226
71485.28930454122,-0.9213775587080182,85.51349087526927
71560.37554953372,-0.9257751861440179,85.04488974877663
71635.54066311923,-0.9302172722950086,84.57498757357183
71710.78472813917,-0.9328490577682111,84.09387790240103
71786.10782752209,-0.936572269611426,83.61074064687875
71861.51004428352,-0.9400823647213485,83.14159936783173
71936.9914615263,-0.9416837070923725,82.66070364336376
72012.55216244048,-0.9466099335426512,82.1548798443286
72088.19223030351,-0.9493134516265154,81.720409892741
72163.91174848036,-0.9562074736552579,81.22232161785949
72239.71080042348,-0.9601389552075799,80.71139153173077
72315.58946967302,-0.9642725861264534,80.23598936389584
72391.54783985692,-0.9664879164106339,79.7303861808315
72467.5859946909,-0.972634386615973,79.22052910492854
72543.70401797863,-0.9770702452704645,78.73786692539605
72619.90199361178,-0.9841252010125001,78.24601737661892
72696.18000557023,-0.9894991338071079,77.7298656276659
72772.53813792195,-0.9945719985171733,77.24776474202416
72848.97647482328,-1.000658210384571,76.73144335834306
72925.49510051898,-1.006243429672523,76.22837585981625
73002.09409934221,-1.016373402385031,75.71593209666328
73078.7735557148,-1.01969206048468,75.06171792136178
73155.53355414719,-1.026192823848652,74.54463030746795
73232.37417923863,-1.032568098573581,74.01588529977744
73309.29551567724,-1.042166712595803,73.50678014519414
73386.29764824003,-1.049081024444565,72.99155923294077
73463.38066179313,-1.057659133716768,72.48138370079899
73540.54464129174,-1.067455594315606,71.94687319779142
73617.78967178038,-1.074535848262038,71.42178701932311
73695.11583839283,-1.081210726516026,70.90191417942965
73772.52322635231,-1.090977219519181,70.35341066974026
73850.01192097156,-1.099628493693694,69.84213241723046
73927.58200765296,-1.111553524718975,69.30044450912993
74005.23357188853,-1.12143851397854,68.76374735420085
74082.96669926014,-1.130377470542784,68.22131304009478
74160.78147543954,-1.139985736916739,67.68047194797239
74238.67798618846,-1.151268548636747,67.15591784498365
74316.65631735871,-1.161796199191144,66.60910704552042
74394.71655489226,-1.177288985954206,66.05842073248259
74472.85878482144,-1.183773249809279,65.51861423242137
74551.08309326883,-1.197396719658551,64.95772101155251
74629.38956644753,-1.211974068952199,64.42988741867723
74707.7782906612,-1.222267714493788,63.85761845437719
74786.2493523041,-1.235532262159476,63.32515163390692
74864.80283786132,-1.250376836795062,62.74166668548189
74943.4388339087,-1.26278718041985,62.19984822936061
75022.15742711314,-1.277224070966685,61.6522861646984
75100.9587042324,-1.291645500647212,61.08904824305148
75179.84275211552,-1.30694351939921,60.51801902763675
75258.80965770269,-1.323671243660642,59.9643346316353
75337.85950802545,-1.337064769355498,59.40362388289676
75416.99239020671,-1.355357475380732,58.83392059644063
75496.20839146095,-1.368928905798352,58.26526774532158
75575.50759909424,-1.387445367770769,57.68696776777952
75654.89010050433,-1.404767836837393,57.11247697014148
75734.35598318079,-1.423720289763794,56.5366833848031
75813.90533470508,-1.437696267462576,55.96195298681674
75893.53824275066,-1.457557612579864,55.40016235103258
75973.25479508306,-1.477702532345111,54.81841119377501
76053.05507956004,-1.498125570656147,54.24178665318095
76132.93918413161,-1.517747517855462,53.64808519866968
76212.90719684015,-1.536237028594153,53.07948827832311
76292.95920582055,-1.557997984552354,52.50017047063415
76373.09529930021,-1.578557815357349,51.93306792542002
76453.31556559933,-1.598356555479033,51.34508712315292
76533.62009313075,-1.622532953947262,50.74973996496831
76614.00897040023,-1.647490128529225,50.15865518701873
76694.48228600649,-1.666630863672086,49.57629072408453
76775.04012864131,-1.690918723616206,49.01163840072599
76855.68258708966,-1.714660537399179,48.40046798010989
76936.40975022969,-1.739894636393676,47.82086439580087
77017.22170703298,-1.765396902068469,47.23056701470786
77098.11854656454,-1.787050836632664,46.63504477122991
77179.10035798291,-1.818828719479777,46.04822790820275
77260.16723054032,-1.841050845683608,45.45396358154278
77341.31925358273,-1.868887234566382,44.86062692986756
77422.55651654988,-1.896895816912179,44.26419847013958
77503.87910897561,-1.923409292075875,43.65627459461504
77585.28712048766,-1.952142726419515,43.08835355825147
77666.78064080796,-1.983872430807977,42.46707636321995
77748.35975975271,-2.010280796296938,41.87352902924385
77830.02456723241,-2.042027295312784,41.28049481091716
77911.77515325203,-2.069018441243031,40.70205439392076
77993.61160791105,-2.103042827065417,40.09118456180495
78075.5340214036,-2.134212935302715,39.49576289258125
78157.54248401857,-2.16674788907551,38.89815541818542
78239.63708613966,-2.197022646566176,38.29883595163709
78321.81791824551,-2.227932354688393,37.70061949968976
78404.0850709098,-2.263257137117121,37.09391038368239
78486.43863480135,-2.298714415323063,36.50729691099804
78568.8787006842,-2.332477105962364,35.89120488483798
78651.40535941777,-2.368930842344765,35.30341666402053
78734.01870195685,-2.40341451725898,34.70624162997689
78816.71881935184,-2.438991558979736,34.13148300477933
78899.50580274871,-2.476399487452549,33.51883727959505
78982.3797433892,-2.513175051455046,32.89960750081731
79065.34073261087,-2.553885047199764,32.33256219154635
79148.38886184727,-2.58978638626757,31.72847515682308
79231.52422262794,-2.626404604082811,31.14240023814287
79314.74690657854,-2.665878906374004,30.53379277282385
79398.05700542103,-2.707570123412002,29.94162229718314
79481.45461097368,-2.748765814265461,29.34827878532564
79564.93981515124,-2.791567090294488,28.75140644985223
79648.51270996493,-2.829147607037894,28.14575065916426
79732.17338752265,-2.872087739266814,27.55721568368237
79815.9219400291,-2.916859139160262,26.98679412047038
79899.75845978578,-2.957345223000895,26.38987461652344
79983.68303919114,-3.001725026525241,25.78710428810166
80067.69577074068,-3.045272928738049,25.22455237848431
80151.79674702707,-3.090568064570587,24.61988751212077
80235.98606074022,-3.132230630900385,24.01881368745316
80320.26380466745,-3.179997593577169,23.45518098992513
80404.63007169348,-3.22732359416116,22.8610628922558
80489.08495480062,-3.273693951843903,22.27968185615693
80573.62854706883,-3.321225844543645,21.68858586126385
80658.26094167588,-3.369289259028514,21.11339507060109
80742.98223189736,-3.414271401622498,20.53076466647966
80827.79251110685,-3.462050566478013,19.9531279104616
80912.69187277603,-3.510986859281622,19.39560888257324
80997.68041047473,-3.564162905117697,18.80406863480212
81082.75821787112,-3.615318515585821,18.20755735181257
81167.92538873166,-3.661614815403016,17.66625653903114
81253.18201692136,-3.715877086563739,17.07725847181285
81338.52819640384,-3.764787806425351,16.49860429967973
81423.96402124141,-3.814996077732238,15.94830318478974
81509.48958559513,-3.869914307314282,15.40499943476695
81595.104983725,-3.919283599674579,14.82491312035785
81680.81030999005,-3.975289663265875,14.25296427493468
81766.60565884839,-4.029400951588996,13.67591074120938
81852.49112485733,-4.084665158149136,13.13634407395694
81938.46680267359,-4.136459147031236,12.56247570314438
82024.53278705319,-4.19179870020918,11.98924093465121
82110.68917285175,-4.244965504348875,11.44642184997531
82196.93605502453,-4.300459833797048,10.90277815004279
82283.27352862651,-4.359353529638332,10.3538176462895
82369.70168881252,-4.416940989577552,9.80487937397082
82456.22063083731,-4.47475329468157,9.242336795807034
82542.83045005574,-4.531532948898941,8.687108743478689
82629.53124192277,-4.588035378059359,8.188693667956244
82716.32310199366,-4.650117169218772,7.613791747323148
82803.20612592403,-4.706948079912893,7.084881019943438
82890.18040946996,-4.76365217443048,6.550350050624189
82977.24604848812,-4.823673638221739,6.019056932184029
83064.40313893589,-4.884641180279655,5.481591236559197
83151.65177687138,-4.942597087320186,4.916923086292655
83238.99205845366,-5.000367501267782,4.428214558855004
83326.42407994278,-5.066099622144859,3.90493539336825
83413.94793769988,-5.125947380965991,3.354104296199623
83501.56372818734,-5.183044127094858,2.827126215660996
83589.27154796885,-5.251461326708608,2.312961646378369
83677.07149370952,-5.313413605728475,1.793689340603851
83764.96366217604,-5.377148662171928,1.31039667929025
83852.94815023665,-5.434715423910958,0.7541434294573151
83941.02505486147,-5.502214869559233,0.267196851896756
84029.19447312233,-5.565885807374251,-0.2564375414526978
84117.45650219313,-5.629969484155972,-0.7671063637276205
84205.81123934979,-5.690225799667989,-1.253823774414428
84294.25878197041,-5.754564383760826,-1.791596154835792
84382.79922753536,-5.822268791595919,-2.258157416419813
84471.43267362747,-5.885950348179793,-2.783757763826642
84560.15921793196,-5.950540297788582,-3.254432008935794
84648.97895823677,-6.017505875524781,-3.748590540953046
84737.89199243246,-6.0836970050857,-4.250827970217031
84826.89841851246,-6.148205626788813,-4.74305652989085
84915.99833457312,-6.213278882945083,-5.220681328626839
85005.19183881381,-6.281274173788129,-5.70698064711064
85094.47902953711,-6.349256979769978,-6.185652133706277
85183.86000514877,-6.414703260607606,-6.667280691550026
85273.33486415794,-6.482752347019471,-7.175165584530987
85362.90370517726,-6.547500607150916,-7.648760834427435
85452.5666269229,-6.612187243855928,-8.11353591147029
85542.3237282148,-6.684941326952934,-8.569333350597077
85632.1751079766,-6.752133862710579,-9.047654484924522
85722.12086523592,-6.826106979244594,-9.517859576650778
85812.16109912437,-6.889035502172947,-9.962467927330039
85902.29590887767,-6.959209351574838,-10.43123836415953
85992.52539383581,-7.021370644779933,-10.87544219448975
86082.84965344312,-7.097608724882644,-11.34210968838407
86173.26878724831,-7.164723698824055,-11.81157715592601
86263.78289490477,-7.234237076847226,-12.24844584024774
86354.39207617046,-7.306545794647294,-12.72231880748718
86445.09643090825,-7.378086640558204,-13.13290104810737
86535.8960590857,-7.444903323341112,-13.58036504435022
86626.79106077561,-7.515579766267214,-14.04138441042485
86717.78153615569,-7.584117566936277,-14.50672007345773
86808.86758550901,-7.656389374372945,-14.92795873549636
86900.04930922392,-7.72990997105973,-15.33757813307337
86991.32680779423,-7.799721774338865,-15.81019269060702
87082.70018181928,-7.868876626370023,-16.18213564847257
87174.16953200412,-7.942464215185283,-16.66207416776719
87265.73495915951,-8.007782845522446,-17.08608837923297
87357.39656420219,-8.08065369370135,-17.51794055403876
87449.15444815485,-8.151542172324893,-17.89816301834013
87541.00871214624,-8.225354746906406,-18.29732080045195
87632.95945741145,-8.296051801339466,-18.75199914420992
87725.00678529181,-8.370713025194352,-19.1860049983469
87817.15079723512,-8.443571003570666,-19.55474094515992
87909.39159479579,-8.513659832885832,-20.00321179883703
88001.7292796348,-8.587576717818964,-20.39718115448398
88094.16395351999,-8.656248160693705,-20.84065279912753
88186.6957183261,-8.733940997238495,-21.22327512982827
88279.32467603481,-8.800745446493641,-21.64234609103577
88372.05092873499,-8.876827119287917,-22.04196264510444
88464.87457862268,-8.945236331144455,-22.44655595291221
88557.79572800129,-9.01978689818684,-22.85419816167716
88650.81447928173,-9.095700703453129,-23.2139850079578
88743.9309349824,-9.170825686120503,-23.65484537953684
88837.14519772946,-9.238117492694567,-23.98955656440046
88930.45737025677,-9.318550130701459,-24.41080685300291
89023.86755540622,-9.385878700838754,-24.76937703234184
89117.37585612763,-9.454958529544225,-25.16410755298299
89210.98237547897,-9.532643340216705,-25.59853082275687
89304.68721662649,-9.604689985883342,-25.94104092953118
89398.49048284481,-9.678730893599578,-26.34580441368928
89492.39227751696,-9.753586884270536,-26.71132725139251
89586.39270413465,-9.826435827378733,-27.06887125526632
89680.49186629821,-9.896638265439341,-27.50140069728293
89774.68986771685,-9.975227674792478,-27.81649565964311
89868.98681220868,-10.0478893724566,-28.20806300383801
89963.38280370089,-10.1203368625703,-28.57561507637223
90057.87794622981,-10.19252071042393,-28.93818355032893
90152.47234394103,-10.26492823787981,-29.30301653834171
90247.16610108958,-10.3417296746184,-29.66712866104211
90341.95932203994,-10.41227964760978,-30.01604030783218
90436.85211126623,-10.49215130324803,-30.36004248970247
90531.84457335235,-10.56119899354042,-30.69291572944809
90626.93681299202,-10.63498612113632,-31.06536780922871
90722.12893498891,-10.71454990213851,-31.41707102764745
90817.4210442568,-10.78584338789615,-31.79739099182089
90912.81324581962,-10.85853156596821,-32.12064199355655
91008.3056448117,-10.93705719359324,-32.48475511687153
91103.89834647773,-11.0104916936416,-32.83559397987929
91199.59145617297,-11.08188824703889,-33.19734218122406
91295.38507936336,-11.15591009139401,-33.48215513561021
91391.27932162557,-11.22886139141693,-33.86666270700331
91487.27428864721,-11.31051564420953,-34.19566964218775
91583.37008622687,-11.3806427503115,-34.56303567634893
91679.56682027433,-11.45519923491952,-34.88610246672903
91775.86459681053,-11.52374357992291,-35.21318171217615
91872.2635219678,-11.6020504241655,-35.53541893345017
91968.76370199,-11.67174297955516,-35.86235673784415
92065.3652432325,-11.74992792815934,-36.20081580208132
92162.06825216245,-11.82412356577308,-36.45496478561445
92258.87283535882,-11.89480991251625,-36.84371129920081
92355.7790995125,-11.97684627251527,-37.14985316419639
92452.78715142647,-12.04395184673842,-37.43715657510181
92549.89709801586,-12.12387603545036,-37.76724460891604
92647.10904630816,-12.19397783997539,-38.09787664320447
92744.42310344322,-12.27205853970771,-38.40918824382304
92841.83937667345,-12.34775472898103,-38.76500266242353
92939.35797336393,-12.41935846687058,-39.10588159349987
93036.97900099248,-12.49863013701367,-39.34950394629585
93134.70256714986,-12.56749073520671,-39.6591659633017
93232.52877953977,-12.63699209923942,-39.96155516532003
93330.45774597912,-12.72122702149572,-40.33551233991848
93428.489574398,-12.7909714207564,-40.59506029434004
93526.62437283991,-12.864335290091,-40.93256572574158
93624.86224946183,-12.93676706095825,-41.23386425171624
93723.20331253432,-13.01062143066985,-41.48703978964502
93821.64767044166,-13.08418218827932,-41.85232553066073
93920.19543168203,-13.15245126913051,-42.1216121597332
94018.84670486755,-13.2354884286981,-42.43853319326482
94117.60159872436,-13.30437059502104,-42.75730200026052
94216.46022209291,-13.38586673021591,-43.00913736900281
94315.42268392787,-13.45636198397907,-43.31886548485883
94414.48909329843,-13.52652542286884,-43.60576757489521
94513.65955938832,-13.60557811861051,-43.9384286534904
94612.93419149592,-13.68645206201108,-44.1957671808612
94712.31309903448,-13.75664137774117,-44.49673682822191
94811.79639153209,-13.82234429501727,-44.75514200697553
94911.38417863198,-13.90565424754227,-45.06533051162826
95011.07657009247,-13.97101065313068,-45.33503010832089
95110.8736757872,-14.05621804924208,-45.63157177525488
95210.7756057052,-14.11960442269925,-45.99302046558091
95310.78246995108,-14.19203201491693,-46.19789172353252
95410.89437874504,-14.26954100072069,-46.38062255380297
95511.11144242309,-14.33762381828939,-46.70005409074881
95611.43377143708,-14.41488694562377,-46.99057828909227
95711.861476355,-14.48276289871337,-47.26244008981351
95812.3946678608,-14.57327801887163,-47.60452141498111
95913.03345675486,-14.63474940452504,-47.85806612879075
96013.7779539538,-14.71364302951559,-48.1242778340959
96114.62827049088,-14.78680706285663,-48.39805710659726
96215.58451751585,-14.86535590581989,-48.72340680835775
96316.64680629532,-14.93213844264664,-48.86784848422542
96417.8152482127,-15.00593423884846,-49.23911528549343
96519.08995476844,-15.08012604554453,-49.47328783355738
96620.47103758006,-15.16058374893074,-49.7004876285211
96721.9586083824,-15.22838919275811,-50.00609602190573
96823.55277902754,-15.30584520150046,-50.26341456880926
96925.25366148517,-15.37632386130401,-50.44245633807782
97027.06136784251,-15.44482049563386,-50.770845246459
97128.97601030458,-15.52214529053678,-51.03370997871353
97230.99770119415,-15.59771034680894,-51.30306850436219
97333.12655295212,-15.67381512863915,-51.58489856783643
97435.36267813733,-15.73644080856987,-51.7536762759444
97537.70618942702,-15.80856845955539,-52.07670845690537
97640.1571996166,-15.89014862574206,-52.38127333965724
97742.71582162014,-15.94603895600603,-52.70266925972905
97845.38216847015,-16.03827757765092,-52.86657938454277
97948.15635331802,-16.10378303643331,-53.07765351908863
98051.03848943383,-16.17362043665469,-53.35897055779489
98154.02869020679,-16.24300199490667,-53.60648741680797
98257.12706914509,-16.32554868616672,-53.85304928677697
98360.33373987624,-16.39016954066033,-54.12468638688583
98463.64881614699,-16.46540439591635,-54.23676087326375
98567.07241182371,-16.5381576104151,-54.63129236691651
98670.60464089224,-16.60905653515027,-54.81856152077341
98774.24561745822,-16.68606759535939,-55.14852523142027
98877.99545574712,-16.76191576003075,-55.39133876658685
98981.85427010444,-16.83385652912078,-55.55627373662631
99085.82217499566,-16.89694869449192,-55.72902343128974
99189.89928500664,-16.97246910678445,-56.01184751035248
99294.0857148435,-17.04533481125662,-56.30581065537343
99398.38157933291,-17.10823321255923,-56.48526439971171
99502.78699342205,-17.19860761647465,-56.80279819420532
99607.30207217899,-17.26725478319248,-56.9073482163341
99711.9269307925,-17.33654278807016,-57.16299172571986
99816.66168457246,-17.40352770567702,-57.39914869176607
99921.5064489498,-17.4738764128707,-57.7266268644309
100026.4613394768,-17.55723369170367,-57.86619077215484
100131.5264718269,-17.60646921898348,-58.21714152418059
100236.7019617953,-17.69524361996793,-58.31737988708276
100341.9879252986,-17.77395654040554,-58.71974068610128
100447.3844783754,-17.83032146747994,-58.90263691090299
100552.8917371859,-17.91533389858459,-59.09719640575946
100658.5098180126,-17.98503266519322,-59.34610305572275
100764.2388372598,-18.04538164251817,-59.55279069592778
100870.0789114544,-18.11812112984365,-59.80431647541099
100976.0301572456,-18.1963818862097,-60.00962828698721
101082.092691405,-18.26120821530497,-60.17134292770501
101188.266630827,-18.3318539293426,-60.34938209574165
101294.5520925286,-18.40516665424926,-60.62692223562195
101400.94919365,-18.48177876041522,-60.89192492165498
101507.4580514542,-18.56422707277936,-61.14587876242214
101614.0787833273,-18.62726693202303,-61.32321650325372
101720.8115067792,-18.70833207083206,-61.58761632368885
101827.6563394425,-18.78273012821333,-61.57921608473326
101934.6133990739,-18.81910109281486,-61.97038983344386
102041.6828035537,-18.90814489413808,-62.18379839257614
102148.8646708858,-18.98349680054202,-62.52276935357406
102256.1591191982,-19.05129038179967,-62.60309089968837
102363.566266743,-19.11139542784912,-62.77913552736296
102471.0862318965,-19.18873416420423,-63.00163532546708
102578.7191331592,-19.26921308040788,-63.1741872880676
102686.4650891564,-19.32762182544371,-63.48918606638753
102794.3242186376,-19.41353212491093,-63.53355772026617
102902.2966404772,-19.48762679657109,-63.85379244175563
103010.3824736746,-19.54154581688021,-64.09955467810661
103118.581837354,-19.61312528544082,-64.25480009632508
103226.8948507648,-19.69161721546138,-64.52577850047939
103335.3216332817,-19.75728101606737,-64.69545923142402
103443.8623044047,-19.83192368465264,-64.92283244419657
103552.5169837594,-19.90901685770873,-64.99975888474968
103661.2857910969,-19.99173962178961,-65.26175868641523
103770.1688462943,-20.05001660545064,-65.63045462080254
103879.1662693544,-20.12192003714605,-65.83102511896153
103988.2781804064,-20.17540112975562,-65.89684932409314
104097.5046997052,-20.26166739714805,-66.23104904932099
104206.8459476323,-20.34896262219928,-66.32653796989025
104316.3020446957,-20.38716532470836,-66.62188596949466
104425.8731115297,-20.46695459425834,-66.74679622825579
104535.5592688957,-20.54441379467838,-67.08517456385579
104645.3606376815,-20.60661356651583,-67.08627439497496
104755.2773389023,-20.688649171301,-67.42914744053266
104865.3094937002,-20.74040416879193,-67.57892300141452
104975.4572233445,-20.8392524481345,-67.8701214554156
105085.7206492319,-20.89237544149532,-67.9013652853011
105196.0998928867,-20.9793074839296,-68.0032571457136
105306.5950759609,-21.04453615175922,-68.3139119293878
105417.206320234,-21.11606716321447,-68.5337356569691
105527.9337476137,-21.14607330701237,-68.73188206219629
105638.7774801356,-21.25147799735284,-69.11484663571783
105749.7376399636,-21.30342918027718,-69.09285129086783
105860.8143493898,-21.37552855374537,-69.35063711866837
105972.0077308348,-21.45308413829579,-69.55639383635695
106083.3179068477,-21.5307482843915,-69.89019772236355
106194.7450001066,-21.60260222235335,-70.02843593691651
106306.289133418,-21.63753380889287,-70.11455548056921
106417.9504297179,-21.72961577046867,-70.27462971647344
106529.7290120711,-21.79732938544743,-70.50746515458192
106641.6250036716,-21.87223460633224,-70.73249297944082
106753.6385278432,-21.93291412070693,-70.95480566385157
106865.7697080388,-21.99141813878142,-70.97999650981161
106978.0186678412,-22.05242955007155,-71.25565099619459
107090.385530963,-22.15124529578127,-71.43068458155949
107202.8704212467,-22.19423868902257,-71.59133169754057
107315.4734626649,-22.29617190706449,-71.87152030212965
107428.1947793203,-22.33518769485418,-72.03042299644403
107541.0344954462,-22.43494320510408,-72.10638189227124
107653.9927354062,-22.49838975928392,-72.3550884927368
107767.0696236946,-22.53413676455383,-72.46368111246289
107880.2652849364,-22.60601775437995,-72.7354355279632
107993.5798438876,-22.67431267734962,-72.71733924600689
108107.0134254351,-22.77496411722457,-73.26895375873033
108220.5661545972,-22.82716801452814,-73.39140406484555
108334.2381565232,-22.8991544113225,-73.51523668511271
108448.0295564943,-22.94056339648677,-73.57812944853902
108561.9404799228,-23.03666815248145,-73.87482087587728
108675.971052353,-23.12790054283759,-73.9673187338667
108790.1213994611,-23.18096129067549,-74.13645998690504
108904.3916470552,-23.22596475667654,-74.37138912406839
109018.7819210755,-23.28328955392013,-74.75321728584561
109133.2923475947,-23.38634573771824,-74.77314013504676
109247.9230528177,-23.43582488933239,-75.02195881490709
109362.6741630821,-23.51467002623512,-75.18325616010495
109477.545804858,-23.60825914440997,-75.30299951893376
109592.5381047488,-23.66128303385598,-75.5982873113434
109707.6511894902,-23.73506712649402,-75.62338398345889
109822.8851859517,-23.77692018457259,-75.79286222961861
109938.2402211356,-23.84510883205749,-75.85686980554371
110053.7164221778,-23.93601813825011,-76.05961462873208
110169.3139163476,-23.97008758282897,-76.5143924239477
110285.0328310482,-24.02655234753933,-76.40850859673158
110400.8732938164,-24.1432597514779,-76.44119562452022
110516.8354323232,-24.19614441078973,-76.79626690909626
110632.9193743733,-24.2310831397682,-76.99418847657616
110749.1252479061,-24.34377068200929,-77.0884152371828
110865.4531809952,-24.38775390049357,-77.41107351631442
110981.9033018486,-24.44067067782295,-77.6745774859977
111098.475738809,-24.51163766853247,-77.50684246311982
111215.1706203543,-24.61177983593547,-77.89752548720917
111331.9880750967,-24.66332698376624,-77.82939142017233
111448.928231784,-24.70712876104228,-77.97757564810681
111565.991219299,-24.82251160578607,-78.14566484549236
111683.1771666599,-24.83342917679923,-78.48158669234181
111800.4862030206,-24.96279302528852,-78.53363611051931
111917.9184576703,-25.01095419568218,-78.76296399954663
112035.4740600343,-25.07434167187585,-79.12201491448417
112153.1531396739,-25.14226377416368,-79.36285682798797
112270.9558262861,-25.18249281673882,-79.54453394219667
112388.8822497045,-25.28479769552413,-79.48397244009664
112506.9325398989,-25.33910164778222,-79.50400255957101
112625.1068269758,-25.39974587754219,-79.95408152472258
112743.4052411781,-25.54104071681648,-80.09585139399024
112861.8279128856,-25.56368226289184,-79.9330772552176
112980.3749726151,-25.59518928717152,-80.20392034887311
113099.0465510205,-25.64387660872275,-80.86351816278538
113217.842778893,-25.77411794293342,-80.67341539539336
113336.7637871609,-25.79318942177018,-80.85263796668818
113455.8097068902,-25.85997200723654,-80.93262585605113
113574.9806692848,-25.92382099485368,-80.87561055231969
113694.276805686,-26.02503057131891,-81.22409718491313
113813.6982475733,-26.07383720147148,-81.36568365750276
113933.2451265642,-26.16519955463683,-81.65921397385131
114052.9175744145,-26.28969021461957,-81.73266586674359
114172.7157230185,-26.31001254704423,-81.97268211826324
114292.6397044088,-26.34294835884471,-81.81443965345963
114412.6896507568,-26.43562905343425,-82.30543947057738
114532.8656943729,-26.49084172408957,-82.47111539296809
114653.1679677061,-26.5453835454705,-82.78745367803822
114773.5966033449,-26.62115548150917,-82.8706267234133
114894.1517340168,-26.68123176675643,-82.70157335504908
115014.8334925889,-26.80700442137222,-83.08397646842457
115135.6420120677,-26.85113244741546,-83.09192262473584
115256.5774255996,-26.90780286060339,-83.31858293443752
115377.6398664705,-26.95024319098928,-83.73012655906128
115498.8294681068,-27.0621893299593,-84.02789285483416
115620.1463640747,-27.10555293921487,-84.18617457285814
115741.5906880806,-27.15950803449282,-83.9448203728199
115863.1625739718,-27.224349727554,-84.03456880571696
115984.8621557357,-27.28286944444738,-84.11305652961028
116106.6895675007,-27.38714324505317,-84.64571465608196
116228.6449435361,-27.42304104076432,-84.797320195681
116350.7284182521,-27.50663037986953,-84.64032907304465
116472.9401262002,-27.5210246041478,-85.0303009004401
116595.2802020731,-27.63735965047608,-85.2240060879368
116717.748780705,-27.69046550372744,-85.73830158293305
116840.345997072,-27.80523946816412,-85.12683607459107
116963.0719862915,-27.83900604495972,-85.64281735228883
117085.9268836233,-27.8779965721565,-86.12728110705855
117208.9108244688,-27.97142620614106,-85.9218772921779
117332.0239443721,-28.03239666263286,-85.80968809807766
117455.2663790193,-28.16215333643731,-86.11832742948569
117578.6382642393,-28.24120356898658,-86.26909579082376
117702.1397360034,-28.23597566307363,-86.78744502963715
117825.7709304259,-28.3435020961595,-86.74822798467818
117949.5319837641,-28.37474305643479,-86.62390425215997
118073.4230324182,-28.44200977030205,-86.74368147166005
118197.444212932,-28.50106842119607,-86.93242864651538
118321.5956619923,-28.58736359931407,-87.34524905770917
118445.87751643,-28.6144811476442,-87.35377774430344
118570.2899132192,-28.71521576939908,-87.39659592878832
118694.8329894783,-28.76935604079065,-87.80590571876252
118819.5068824694,-28.81489298018341,-88.12582914836904
118944.3117295989,-28.82094580621612,-87.6483925229029
119069.2476684177,-28.92796631782944,-88.49884068111065
119194.3148366209,-29.00113198404183,-88.39179220997178
119319.5133720483,-29.05663113442262,-88.47001632376529
119444.8434126847,-29.13730587547281,-88.54548194656246
119570.3050966595,-29.23676935617447,-88.25763553970313
119695.8985622475,-29.26559436258024,-89.30180212825607
119821.6239478685,-29.34198494640775,-89.38267386099648
119947.4813920878,-29.42208673213037,-88.88465992128526
120073.4710336163,-29.48700303292377,-89.11111411849868
120199.5930113105,-29.58326455293408,-89.41851345126554
120325.8474641728,-29.6567599975584,-89.98789764741559
120452.2345313516,-29.63103571519201,-89.84471552970712
120578.7543521413,-29.73255487839401,-89.85438379574782
120705.407065983,-29.86881227866407,-90.05232340809522
120832.1928124639,-29.85779075740834,-90.10365910975479
120959.1117313179,-29.96747820754575,-90.59286630973924
121086.1639624257,-29.99364144329276,-90.6914964496293
121213.3496458151,-30.08660197857636,-90.55033433990546
121340.6689216607,-30.13286049973963,-90.99832375392052
121468.1219302845,-30.12017545016649,-90.40974152462536
121595.7088121558,-30.33365552852568,-91.01509332811254
121723.4297078916,-30.30763979063488,-91.79995950762842
121851.2847582564,-30.42850385025331,-91.20763353227673
121979.2741041627,-30.43370614361989,-91.19466465625266
122107.3978866709,-30.57322558736455,-91.33111508045916
122235.6562469897,-30.63360131449634,-91.9826664060035
122364.049326476,-30.64513531782428,-91.74035683166284
122492.5772666353,-30.73218161953222,-92.25520514531618
122621.2402091216,-30.84992798051058,-92.01225340102933
122750.0382957378,-30.78943373736779,-92.64227198955608
122878.9716684356,-30.97798275305952,-93.05909994720936
123008.040469316,-31.01471539490255,-92.69863744728525
123137.244840629,-31.06910977259091,-92.71846462189592
123266.5849247744,-31.18361097647977,-93.29067122775962
123396.0608643012,-31.22227325467292,-92.75401932952872
123525.6728019083,-31.27319735122757,-93.71422797858065
123655.4208804445,-31.32115082070285,-93.10396688954819
123785.3052429086,-31.39477509193056,-93.86420843988132
123915.3260324495,-31.4947517927504,-93.35141149010281
124045.4833923668,-31.51027350346929,-93.03823381911198
124175.7774661101,-31.62481497469388,-94.24037230631775
124306.2083972802,-31.57635626465787,-94.28402844047949
124436.7763296285,-31.70091791116041,-93.92055351571372
124567.4814070572,-31.84152117985236,-94.60192000900248
124698.3237736199,-31.830454060296,-94.82048292518141
124829.3035735216,-31.91014204435117,-94.69572814359307
124960.4209511185,-31.9225040344272,-94.79779616907777
125091.6760509185,-31.99538598028278,-94.6796455617482
125223.0690175814,-32.10221377914452,-95.42555225639802
125354.599995919,-32.29352774599057,-94.90794283784899
125486.2691308948,-32.23793328623152,-94.84317730898596
125618.0765676252,-32.39562036507507,-94.97184509061117
125750.0224513784,-32.42320335057892,-95.50940923342262
125882.1069275756,-32.3927807374692,-96.04693449828105
126014.3301417907,-32.4689169557698,-95.88726206418427
126146.6922397502,-32.60013842186903,-95.35823027895128
126279.193367334,-32.66896706483968,-95.62258733481995
126411.8336705751,-32.77263931290982,-95.84844058572747
126544.61329566,-32.84428559749993,-96.06557444337597
126677.5323889286,-32.79175893033438,-96.03575400792984
126810.5910968744,-32.98006495144603,-96.51808772194315
126943.7895661452,-32.9928613974302,-96.83199524725963
127077.1279435425,-33.08661309913657,-96.56592558734178
127210.606376022,-33.06388138625752,-96.788471964736
127344.2250106938,-33.11118183661701,-97.1813552797575
127477.9839948227,-33.17124411093975,-96.65156013690779
127611.8834758279,-33.3401223116168,-97.7190463073108
127745.9236012836,-33.29919047342339,-97.82927789323436
127880.1045189191,-33.47214676514149,-97.08110287362615
128014.4263766186,-33.46633056226605,-98.10294305767671
128148.889322422,-33.47962198074499,-98.34526684596085
128283.4935045242,-33.61000554060389,-97.75808086620799
128418.2390712763,-33.69489519218937,-97.7710645488708
128553.1261711848,-33.62964768508493,-98.62215537585553
128688.1549529124,-33.78243539091575,-98.43266028483134
128823.325565278,-33.9305878655228,-98.63938775143367
128958.6381572567,-33.97669472830421,-98.0074742448175
129094.0928779801,-34.06609646101053,-98.45599758940449
129229.6898767364,-34.0587489276656,-98.60817389548922
129365.4293029707,-34.08976955425423,-99.44748449122432
129501.311306285,-34.02791259852371,-99.39181373135612
129637.3360364385,-34.24776031685826,-98.74714677794813
129773.5036433476,-34.29675189251473,-99.76477109977222
129909.8142770864,-34.42837902189594,-99.32246897855862
130046.2680878863,-34.52266995657108,-100.1946243378268
130182.8652261368,-34.42928565275716,-99.51880143062954
130319.6058423851,-34.64975934613081,-100.0429495431631
130456.4900873369,-34.6621705500818,-99.5530241605292
130593.5181118557,-34.65924775325155,-99.82360548103289
130730.6900669639,-34.78825753535972,-99.68575017303213
130868.0061038423,-34.85350899485324,-99.99859390823794
131005.4663738306,-34.93671780162754,-100.8379341029359
131143.0710284274,-34.91967946464559,-101.0981380602396
131280.8202192905,-34.88282640376393,-99.77710930455898
131418.7140982368,-35.09602194298278,-100.7121789765461
131556.7528172429,-35.23465899710797,-100.5568790994291
131694.9365284449,-35.15696300618539,-100.6812740685412
131833.2653841389,-35.28662395336277,-100.5073104002604
131971.7395367806,-35.45018046186605,-101.1599183657067
132110.3591389862,-35.34707741849712,-102.2054258724659
132249.1243435319,-35.49334708417123,-101.2465283572447
132388.0353033547,-35.49576800166417,-101.4604838986882
132527.092171552,-35.68815860099084,-102.2361639217126
132666.295101382,-35.59649254523916,-103.1986477886689
132805.644246264,-35.76791427269482,-102.623314468042
132945.1397597784,-35.91583853820089,-101.955510587359
133084.7817956668,-35.82398775276368,-101.9733698361946
133224.5705078327,-35.92838573731792,-101.6780334514572
133364.5060503407,-35.83308226242904,-102.5384154903956
133504.5885774175,-36.0434486960819,-103.1128590201907
133644.8182434519,-36.06147328594209,-102.5325813835166
133785.1952029947,-36.17904631008106,-102.9926786658408
133925.719610759,-36.40410304078418,-103.7036009416869
134066.3916216206,-36.49158684311327,-103.7754951415502
134207.2113906178,-36.34037078025652,-103.6558886638768
134348.1790729518,-36.38246677233118,-103.8014664273843
134489.2948239868,-36.58511768260397,-104.1924763813273
134630.5587992503,-36.49050243247758,-104.052502165462
134771.9711544331,-36.59513008092706,-104.6435323505438
134913.5320453895,-36.66160395600215,-103.7519172544569
135055.2416281375,-36.92618389166217,-104.591956057549
135197.1000588589,-36.74186963912894,-103.9143822403001
135339.1074938998,-36.8348915336996,-102.6542026920704
135481.2640897704,-36.9246012414307,-104.3620099504739
135623.5700031451,-37.14577232132926,-104.2777695031954
135766.0253908631,-37.07318204056642,-105.2327758025844
135908.6304099284,-37.13274138806334,-105.4794860580282
136051.3852175095,-37.31292173698729,-105.6126528659802
136194.2899709406,-37.3614155250436,-105.5687787177858
136337.3448277206,-37.30737935384729,-105.2907786240548
136480.5499455141,-37.32445564206135,-105.6024044471821
136623.9054821513,-37.33365746709679,-105.4378086804673
136767.4115956282,-37.51044971979744,-105.9665464120334
136911.0684441067,-37.64445142862811,-106.494855276751
137054.8761859147,-37.53665404521401,-106.2849409057602
137198.8349795467,-37.77885782155309,-105.8859576474109
137342.9449836633,-37.68392305039956,-105.4844808081838
137487.2063570922,-37.67164118810564,-106.2418734130327
137631.6192588276,-37.7109740055089,-105.9907116265688
137776.1838480309,-38.07269222859654,-104.7065591528935
137920.9002840304,-37.91621080230798,-109.4656524595885
138065.768726322,-37.99416412130168,-105.6768403170273
138210.789334569,-38.01402204967133,-107.8576090995755
138355.9622686027,-38.14245870269281,-106.5010058577718
138501.2876884218,-38.2400371779286,-107.6508183300541
138646.7657541934,-38.25530699788578,-107.1446534438742
138792.3966262528,-38.47458960882145,-108.1442718093983
138938.1804651036,-38.32781146261598,-108.5731289772922
139084.117431418,-38.4684391587538,-108.3172418731269
139230.2076860371,-38.52813148879221,-107.8919859307615
139376.4513899709,-38.79802222667018,-107.7335925130914
139522.8487043983,-38.76028665933842,-107.3979001130316
139669.3997906678,-38.73712579562253,-107.2003340428711
139816.1048102973,-38.96307494691692,-107.7716489932241
139962.9639249741,-38.76104752164834,-107.4528655960406
140109.9772965557,-38.72105681843375,-107.7111906912658
140257.1450870694,-39.06602186984493,-107.3089123073391
140404.4674587128,-39.08276126990619,-108.127434934496
140551.9445738537,-39.0739500315827,-108.5813044397341
140699.5765950306,-39.20476646277019,-108.8323111347908
140847.3636849527,-39.27312578713913,-110.05960194996
140995.3060065,-39.19510188640825,-107.6830921387219
141143.4037227238,-39.38425038109426,-108.3170329180015
141291.6569968464,-39.75679127882805,-110.7354730777314
141440.0659922617,-39.25171176070184,-109.0336247092113
141588.6308725353,-39.59714360265416,-108.5871203680721
141737.3518014044,-39.74879424437346,-109.5843946967303
141886.2289427784,-39.71512865065729,-109.0025585163626
142035.2624607386,-39.59285270080493,-109.7455228048132
142184.4525195389,-39.77535321191088,-109.4956991137741
142333.7992836056,-40.02138117653254,-111.2205037637636
142483.3029175378,-40.16742587720269,-111.7137813458098
142632.9635861074,-39.86382150973934,-110.521900582061
142782.7814542594,-40.00276554983593,-111.509223009848
142932.7566871119,-40.00064872353919,-108.577122273499
143082.8894499569,-40.32015364080852,-110.361506111298
143233.1799082596,-40.18602246509208,-109.7962327872099
143383.6282276589,-40.16476317089337,-109.6932310818577
143534.2345739682,-40.23210008977028,-112.3605901524611
143684.9991131746,-40.49027087972157,-112.0142381651991
143835.9220114396,-40.38931612859719,-112.4231406363804
143987.0034350996,-40.2410210938905,-111.2672742769662
144138.2435506652,-40.61406624310918,-112.0793323644479
144289.6425248224,-40.75844870489995,-112.4086619754687
144441.2005244319,-40.91879465664342,-111.8981576273188
144592.9177165297,-40.83291807864804,-112.9689353260405
144744.7942683275,-40.83307077398879,-110.0069520120196
144896.8303472125,-40.72161496754376,-112.478239627667
145049.0261207477,-41.05869299626842,-111.9859052667902
145201.381756672,-40.65988933523791,-112.7991160190359
145353.8974229007,-41.04315406955303,-113.6424267825362
145506.5732875253,-41.19779121872709,-113.5157315410742
145659.4095188139,-41.240290345567,-113.538918570779
145812.4062852116,-41.18771548277526,-113.8646382894168
145965.5637553399,-41.62466078306955,-113.7265491254306
146118.882097998,-41.47666894774887,-114.1715067865445
146272.3614821619,-41.86230461057907,-113.6483831666466
146426.0020769854,-41.8075183999357,-113.9942309202257
146579.8040517999,-41.61494849459508,-113.7424085045239
146733.7675761147,-41.69165813921994,-114.2247786756906
146887.892819617,-41.91230517333673,-115.526359564737
147042.1799521723,-41.88425092429768,-115.9628143078387
147196.6291438247,-42.13853454424114,-112.5774931437796
147351.2405647966,-42.02015532589418,-114.6886410063364
147506.0143854894,-41.97977901665601,-113.4741448154672
147660.9507764835,-42.06613872759165,-114.7203939097208
147816.0499085385,-42.09665512620026,-114.1717300498567
147971.3119525931,-42.03757269571278,-115.5452861672964
148126.7370797657,-42.31244948857778,-114.7034494946674
148282.3254613547,-42.30874223594608,-115.6683470980815
148438.077268838,-42.7106512594043,-114.3163019315256
148593.9926738739,-42.00526367697898,-116.5336483807456
148750.0718483008,-42.45261891417037,-114.4380443258523
148906.3149641379,-42.6052969556659,-114.9427221554311
149062.7221935847,-42.71471090007987,-116.6245284460736
149219.2937090219,-42.70957904267868,-116.5665385868429
149376.0296830111,-43.11458717699735,-115.2746968106324
149532.9302882951,-42.83025133451262,-116.1590198128833
149689.9956977983,-43.1341456815946,-115.4559042927834
149847.2260846267,-42.78910158776277,-114.8419814709439
150004.621622068,-42.93988200553092,-114.5641954766383
150162.1824835921,-43.23514580335407,-117.665273494255
150319.908842851,-43.24436013462567,-114.595515193502
150477.800873679,-43.1008472453138,-114.6044816210105
150635.8587500933,-43.47680011242944,-117.6247537158238
150794.0826462935,-43.52858000197404,-117.7398827655409
150952.4727366625,-43.41791390621228,-118.110939867715
151111.0291957662,-43.88912551048408,-115.9774542788887
151269.7521983538,-43.77698784299672,-118.0570294963841
151428.6419193583,-43.37744099490122,-116.2733197291617
151587.6985338961,-43.45042785322424,-117.341010280181
151746.9222172679,-43.73730024130624,-116.6134459186936
151906.3131449582,-43.79863761132817,-117.0256165881641
152065.8714926361,-43.72642463069496,-118.1727721861886
152225.5974361551,-44.05419989211289,-118.282890228024
152385.4911515533,-44.04411678547905,-119.0650201485379
152545.552815054,-43.86249293823997,-120.3953216424865
152705.7826030652,-44.2326042936032,-118.2337374736684
152866.1806921806,-44.1867900938323,-119.1904142054466
153026.747259179,-44.19606701521513,-119.3551160058005
153187.4824810252,-44.63308439669979,-119.1603017460151
153348.3865348699,-44.53706726600007,-117.6743122340802
153509.4595980495,-44.88149378864897,-120.4118764395355
153670.701848087,-44.77500489615964,-120.4318235798756
153832.1134626917,-45.12391683024296,-117.6115913986815
153993.6946197598,-44.5528578644648,-118.2072381000162
154155.4454973741,-44.49099387061075,-119.4910118666098
154317.3662738045,-44.51442266877214,-121.7569709444408
154479.4571275083,-44.62177946026588,-120.7271969967483
154641.71823713,-45.24493920555549,-123.6024272250158
154804.149781502,-45.16360032243801,-119.6526863217674
154966.7519396444,-44.99337417484026,-120.7673056484618
155129.5248907653,-45.36036735174911,-121.4043416251672
155292.4688142611,-45.52545214285523,-120.4919607378898
155455.5838897168,-45.31075130459743,-118.1770019723328
155618.8702969057,-45.59369579833786,-120.9896746890556
155782.3282157901,-45.51766663479925,-119.4823262996798
155945.9578265213,-45.1594629964741,-120.9866527530588
156109.75930944,-45.71630953051831,-122.1978279565722
156273.732845076,-45.70380234525182,-121.4866514257767
156437.878614149,-45.78932450037834,-122.8503112570923
156602.1967975683,-45.94628558484585,-120.2804042910439
156766.6875764335,-45.53520193610374,-122.8362317904637
156931.3511320342,-46.33881108445158,-123.7067750415545
157096.1876458504,-46.35418971477094,-120.6237896512381
157261.1972995529,-46.1886332080023,-123.7707531246726
157426.3802750032,-46.04905980309525,-123.2660097219595
157591.7367542538,-46.0818242386209,-120.6077977902466
157757.2669195486,-46.3292690596894,-122.2013438328698
157922.9709533226,-45.87850456091832,-122.1233000883047
158088.8490382028,-46.18709184608208,-119.9754054119585
158254.9013570078,-46.96706597819293,-122.8526498133045
158421.1280927483,-46.24585193083304,-123.1343507707347
158587.5294286271,-46.76922288029134,-119.5626728065277
158754.1055480397,-46.28966873684671,-123.5777396821017
158920.8566345739,-46.80746661296824,-122.3512302808892
159087.7828720106,-46.85758009412979,-123.4511557343246
159254.8844443237,-46.76496535023587,-121.4152405591382
159422.1615356801,-47.51825832740822,-121.5361722148406
159589.6143304406,-46.60951988461642,-121.841096083874
159757.2430131591,-47.06332890635345,-125.3860234661764
159925.0477685838,-47.37602763456736,-122.2120128399958
160093.0287816568,-47.34787585570799,-121.0503139897306
160261.1862375143,-47.07923297887422,-123.7819494767026
160429.5203214872,-47.66525377016421,-122.6878558540135
160598.031219101,-47.56843267014663,-124.8382283335521
160766.719116076,-47.70398769820025,-125.3153197561263
160935.5841983276,-48.51254869143475,-123.7618835877788
161104.6266519665,-48.04502461183085,-126.7326566917384
161273.8466632989,-47.79827990040611,-123.772055866758
161443.2444188267,-47.95615162069913,-123.630924004445
161612.8201052477,-47.96699395295482,-124.4772721670261
161782.5739094556,-48.20005564119622,-122.0437152548706
161952.5060185408,-47.62009741128977,-127.1219749522265
162122.6166197898,-47.89025627768748,-123.2515362699374
162292.9059006862,-47.85280325307114,-129.7225104074833
162463.3740489102,-47.80046173857659,-127.9532375656561
162634.0212523394,-48.31236582808253,-124.1070356924341
162804.8476990486,-48.44976195032218,-125.0174414127652
162975.85357731,-48.6853082264651,-120.2924981421067
163147.0390755939,-48.36877784886997,-128.9064689978922
163318.4043825684,-48.72357612174349,-127.5530761685923
163489.9496870997,-48.11723329349481,-127.1742561817039
163661.6751782524,-48.46396777551362,-127.1454403926539
163833.5810452898,-48.70891686461412,-133.4501280865144
164005.667477674,-49.24190649997909,-123.8899804519947
164177.9346650658,-48.63000494373076,-129.0659342678859
164350.3827973257,-49.30677410853406,-128.6977490470322
164523.0120645132,-48.82914942784404,-129.4249435868485
164695.8226568877,-49.17612589970337,-125.2856286408148
164868.8147649084,-49.01124131546546,-128.7329456620751
165041.9885792343,-49.92758930810049,-125.8189664828684
165215.3442907251,-48.67520395772146,-128.4661905679824
165388.8820904405,-49.05764861207506,-132.9156249933739
165562.6021696414,-49.33624171996404,-127.9344942654278
165736.5047197891,-49.32646290115158,-126.4610851930339
165910.5899325463,-49.3327829511357,-127.0015822872266
166084.8579997769,-49.76954774284064,-129.4491642664302
166259.3091135465,-49.47607265098328,-128.1814289351387
166433.9434661222,-49.16197655100888,-128.4479442889501
166608.7612499731,-49.50179288144568,-134.1131239997901
166783.7626577707,-49.34227308203705,-127.6280596164232
166958.9478823887,-49.91489662314216,-131.512928564399
167134.3171169032,-50.30704266219233,-128.613772916568
167309.8705545934,-50.06005116566267,-128.4125122053765
167485.6083889415,-49.75200785818889,-130.8023835206846
167661.5308136328,-49.8818895277178,-129.4461461608925
167837.638022556,-50.53007889182904,-126.3770092358498
168013.9302098036,-50.59313254897682,-130.1318014092122
168190.4075696719,-49.93729787928568,-131.904624169711
168367.0702966613,-50.89058451966105,-131.6234169985612
168543.9185854764,-50.06073690409927,-132.0209536549683
168720.9526310266,-51.05484928223245,-132.4275483687628
168898.1726284256,-50.82219330929064,-130.9553080825233
169075.5787729925,-51.49492433115385,-127.6833629229765
169253.1712602512,-51.04518433591149,-132.8004246402187
169430.950285931,-50.63473267950282,-135.4106448514749
169608.9160459671,-50.96572139376927,-131.8294767221207
169787.0687365002,-50.85659318081716,-132.5049890381628
169965.4085538771,-50.28771657093908,-132.4017603536943
170143.9356946509,-51.06484320852113,-131.5116917450692
170322.6503555811,-51.92473234328419,-130.6213970657647
170501.5527336339,-51.02629363960826,-132.8708856689124
170680.6430259823,-51.4195366635422,-132.2480871625456
170859.9214300065,-51.83322672537349,-138.9724741574454
171039.388143294,-50.66778037165473,-132.7847467420494
171219.0433636399,-50.90495913114596,-135.0840616782647
171398.8872890469,-51.11222167490322,-128.1194618114801
171578.9201177258,-51.23004498901447,-134.024247483821
171759.1420480956,-52.48699770263726,-128.9197401371831
171939.5532787837,-51.73454193075016,-130.6735885285976
172120.154008626,-51.57952400530033,-137.6265881364141
172300.9444366675,-52.73737041083115,-131.8545302836621
172481.9247621621,-52.00182400477225,-130.8956379010498
172663.0951845731,-51.84023179650409,-138.8073154471037
172844.455903573,-51.93086487190336,-131.2746444572724
173026.0071190445,-52.2753820641819,-130.2953396609002
173207.74903108,-52.52622040772452,-131.0801862702782
173389.681839982,-51.53190015805865,-140.8815255060855
173571.8057462636,-51.77630039784147,-134.7343744952602
173754.1209506482,-52.76324224755663,-133.1496585300798
173936.6276540705,-52.11161152757089,-139.1845477944676
174119.3260576758,-51.74767510638767,-140.8364004833309
174302.2163628209,-52.79430892581132,-136.7301048304221
174485.2987710742,-52.46931800181365,-141.5880703780015
174668.5734842155,-52.15448333399812,-132.1413992530471
174852.0407042369,-52.97791814140876,-139.8197772058478
175035.7006333424,-53.46862166378169,-125.6062106253421
175219.5534739485,-53.43976612700813,-133.0747296328458
175403.5994286843,-53.86838847952401,-137.2011535630176
175587.8387003918,-52.51206559393238,-132.3466461681031
175772.271492126,-52.99522771884351,-138.324477880954
175956.8980071552,-52.77726820849697,-138.2652620297686
176141.718448961,-53.7985061750614,-141.2543499925044
176326.7330212392,-53.74490185317416,-134.1752272726573
176511.9419278991,-53.76542588066038,-135.3324478529721
176697.3453730644,-53.83465638065794,-134.4145251905701
176882.9435610732,-54.64341832335602,-138.1972057019375
177068.7366964781,-53.36621766930774,-136.3788320633725
177254.7249840468,-53.54700608742708,-139.1494436553347
177440.9086287619,-54.85510119534726,-134.400650014697
177627.2878358213,-53.08555117287585,-140.5850567504751
177813.8628106385,-53.84934682386802,-139.6115041388657
178000.6337588427,-55.53540931098942,-140.4619408070953
178187.6008862792,-54.00800350078221,-140.8984802426379
178374.7643990095,-54.90268555679939,-136.9396802520507
178562.1245033113,-54.71474603493132,-134.7746144189562
178749.6814056792,-53.77722630189706,-140.3714946137825
178937.4353128248,-54.27315123744071,-133.9068225967085
179125.3864316765,-54.25980921795222,-146.8131170042925
179313.5349693804,-53.30399355888033,-141.578115216174
179501.8811332998,-54.55663672145462,-138.3568774851673
179690.4251310162,-54.12159313295095,-144.5957877194922
179879.1671703289,-54.32687987941576,-144.5697761227364
180068.1074592555,-53.81499126230008,-147.1921204656533
180257.246206032,-55.10221049891914,-145.5553080765678
180446.5836191135,-54.76192355415047,-144.4871858505857
180636.1199071736,-55.36757134342083,-138.4491259533123
180825.8552791053,-54.68902956186434,-142.384380903644
181015.7899440211,-55.71717857438404,-135.9605215291569
181205.924111253,-55.98974625800135,-146.3400483142705
181396.2579903528,-55.53916498998145,-143.2155033078835
181586.7917910927,-56.54735120634391,-133.169077788386
181777.5257234651,-54.3681807997816,-143.4414372048054
181968.4599976828,-56.07530095400199,-151.1240472324403
182159.5948241795,-56.59802915277992,-147.038705834583
182350.9304136102,-55.18565447589862,-146.6408798301175
182542.4669768507,-54.86597531946616,-145.8170649283251
182734.2047249987,-55.67212883284,-146.2458173232734
182926.1438693734,-56.60462567431092,-148.690283590776
183118.284621516,-56.71420319369945,-146.7413718279481
183310.6271931901,-56.70888863911561,-151.3857154700064
183503.1717963814,-56.43880959454999,-147.7367288957133
183695.9186432984,-55.69032250735779,-156.3981357634309
183888.8679463727,-56.64515045266842,-146.4619931961132
184082.0199182587,-56.26053185898029,-144.912778626528
184275.3747718345,-58.23305550863025,-147.5130269435279
184468.9327202014,-56.46439321169808,-146.7758801397658
184662.6939766849,-56.34006853826737,-154.1884797596703
184856.6587548344,-57.35007853178736,-153.8990714588306
185050.8272684237,-56.48149951173087,-154.0382368563521
185245.199731451,-57.37063752575083,-151.0588726950072
185439.7763581394,-57.6224504608836,-143.6719764354407
185634.5573629369,-57.87739807079831,-147.8860344359234
185829.542960517,-57.20165324328343,-153.2953510193137
186024.7333657783,-58.26338424009698,-148.8609896155052
186220.1287938455,-56.5236673023943,-152.1629830768926
186415.729460069,-58.59125590002232,-164.5873816143706
186611.5355800256,-58.58814711624348,-154.0456995471866
186807.5473695183,-59.05011883564543,-136.3451775262874
187003.765044577,-55.79642704997077,-145.5684243626564
187200.1888214585,-57.4731679406711,-156.1803088037952
187396.8189166464,-56.11885600644904,-143.3567243933084
187593.6555468522,-58.65859032653226,-139.894042241401
187790.6989290147,-56.42239447564577,-150.1890582850191
187987.9492803006,-57.91802274989098,-147.4455341718001
188185.4068181048,-57.89724148412492,-152.6376494866698
188383.0717600506,-57.15580475157196,-146.6821186292686
188580.9443239897,-59.00644201647253,-168.0507383754607
188779.0247280027,-56.6223563531583,-158.3735368411243
188977.3131903993,-59.04914104263985,-140.6819947326157
189175.8099297184,-58.97714729768094,-151.0469075304329
189374.5151647287,-58.31856082773424,-151.9547403736234
189573.4291144285,-58.59164090516369,-150.9969047639261
189772.551998046,-60.02519715962045,-149.9030511135078
189971.88403504,-59.70396619599381,-147.5801350860106
190171.4254450996,-58.00900225094616,-146.3508504511171
190371.1764481446,-59.98161784057405,-145.4290876984686
190571.1372643259,-59.89291847712113,-151.8387046199918
190771.3081140258,-59.14187364288807,-161.4245888831834
190971.6892178577,-59.93260436581544,-155.9632984343026
191172.2807966671,-59.87936563529757,-167.8440839962129
191373.0830715313,-58.51198402718035,-152.3282216267944
191574.0962637597,-59.49232737452195,-147.2505166293108
191775.3205948944,-59.46485949448355,-167.3831788859216
191976.7562867101,-59.63889183113361,-161.7668633497157
192178.4035612144,-59.75095465368589,-158.5928333911517
192380.2626406481,-59.02915704014645,-152.5488086940429
192582.3337474854,-61.93493354032579,-157.2762639882055
192784.6171044344,-59.10076418072371,-169.4206128161413
192987.1129344369,-60.60486386895845,-162.6499700424488
193189.8214606689,-61.9626861622065,-161.4009578591761
193392.7429065408,-57.18775389895743,-159.4827719784838
193595.8774956979,-58.95595034558235,-164.2932825197006
193799.2254520202,-58.99693546987667,-160.9607792983431
194002.7869996227,-61.41858163233556,-157.2671017937332
194206.5623628562,-60.25163061015452,-171.0345022485658
194410.5517663068,-59.76749175658544,-160.3372192114945
194614.7554347967,-58.92215832274229,-156.2401511739452
194819.1735933843,-60.15679966086113,-161.4420746410128
195023.8064673642,-61.62878159944857,-166.3513190493857
195228.6542822676,-57.90134878259502,-163.4838257606189
195433.717263863,-60.85911140439848,-168.8366949525486
195638.9956381556,-64.17852691829388,-152.1222394578235
195844.4896313881,-62.3240412845351,-175.9425739946603
196050.199470041,-60.88589657371677,-170.0237750814176
196256.1253808326,-61.47176191824894,-156.9249219848851
196462.2675907192,-61.98352705047011,-166.3488319482506
196668.6263268958,-59.75304055459915,-160.3436322931105
196875.2018167957,-64.07074536469939,-169.3205260034775
197081.9942880913,-60.49473440684299,-176.0664324153529
197289.003968694,-63.55825965435018,-163.5654353845559
197496.2310867547,-61.79508523562164,-177.5111874537498
197703.6758706641,-62.21391622435966,-149.9134373475414
197911.3385490524,-62.97446337325391,178.3842423504621
198119.2193507902,-60.5243568842691,-178.993757836882
198327.3185049885,-61.36966984329096,-157.9787352660305
198535.6362409989,-59.79027896918317,-142.1675583436777
198744.172788414,-62.83812666338588,-171.4183521484983
198952.9283770673,-66.29659710807789,-169.8701959861868
199161.903237034,-65.86285305559285,-171.8591208287181
199371.0975986309,-61.98761014431928,-172.1148720347219
199580.5116924165,-60.1723163591081,-171.2783128893766
199790.1457491918,-60.46327741133727,177.3337542304055
200000,-61.13924982039055,-162.5228547698692
